file, mode, rule, result, duration
../test_files_z3/test2.sleec, redundancy, 0, sat, 0.02881789207458496
../test_files_z3/test2.sleec, redundancy, 1, sat, 0.020691633224487305
../test_files_z3/test2.sleec, redundancy, 2, sat, 0.02130603790283203
../test_files_z3/test2.sleec, conflict, 0, unsat, 0.06464052200317383
../test_files_z3/test2.sleec, conflict, 1, sat, 0.06981682777404785
../test_files_z3/test2.sleec, conflict, 2, unsat, 0.06166696548461914
../test_files_z3/buggy.sleec, redundancy, 0, unsat, 0.1408071517944336
../test_files_z3/buggy.sleec, redundancy, 1, sat, 0.06203961372375488
../test_files_z3/buggy.sleec, redundancy, 2, sat, 0.10739898681640625
../test_files_z3/buggy.sleec, redundancy, 3, sat, 0.15047216415405273
../test_files_z3/buggy.sleec, redundancy, 4, sat, 0.12385082244873047
../test_files_z3/buggy.sleec, redundancy, 5, unsat, 0.027957677841186523
../test_files_z3/buggy.sleec, redundancy, 6, unsat, 0.05445671081542969
../test_files_z3/buggy.sleec, redundancy, 7, sat, 0.024465084075927734
../test_files_z3/buggy.sleec, redundancy, 8, sat, 0.022871017456054688
../test_files_z3/buggy.sleec, redundancy, 9, sat, 0.025834321975708008
../test_files_z3/buggy.sleec, redundancy, 10, sat, 0.09102463722229004
../test_files_z3/buggy.sleec, redundancy, 11, sat, 0.026484966278076172
../test_files_z3/buggy.sleec, conflict, 0, sat, 0.12896943092346191
../test_files_z3/buggy.sleec, conflict, 1, sat, 0.13461947441101074
../test_files_z3/buggy.sleec, conflict, 2, sat, 0.1490926742553711
../test_files_z3/buggy.sleec, conflict, 3, sat, 0.21453166007995605
../test_files_z3/buggy.sleec, conflict, 4, sat, 0.0699152946472168
../test_files_z3/buggy.sleec, conflict, 5, sat, 0.22870922088623047
../test_files_z3/buggy.sleec, conflict, 6, sat, 0.21195673942565918
../test_files_z3/buggy.sleec, conflict, 7, sat, 0.04250812530517578
../test_files_z3/buggy.sleec, conflict, 8, sat, 0.04082345962524414
../test_files_z3/buggy.sleec, conflict, 9, sat, 0.09534502029418945
../test_files_z3/buggy.sleec, conflict, 10, sat, 0.14614176750183105
../test_files_z3/buggy.sleec, conflict, 11, unsat, 0.062448740005493164
../test_files_z3/test1.sleec, redundancy, 0, sat, 0.020560741424560547
../test_files_z3/test1.sleec, redundancy, 1, sat, 0.01751542091369629
../test_files_z3/test1.sleec, redundancy, 2, unsat, 0.03571629524230957
../test_files_z3/test1.sleec, redundancy, 3, sat, 0.0341036319732666
../test_files_z3/test1.sleec, conflict, 0, sat, 0.08113288879394531
../test_files_z3/test1.sleec, conflict, 1, sat, 0.030455827713012695
../test_files_z3/test1.sleec, conflict, 2, sat, 0.07564353942871094
../test_files_z3/test1.sleec, conflict, 3, sat, 0.07747077941894531
../test_files_z3/test.sleec, redundancy, 0, unsat, 0.07690739631652832
../test_files_z3/test.sleec, redundancy, 1, unsat, 0.025099515914916992
../test_files_z3/test.sleec, redundancy, 2, unsat, 0.024726390838623047
../test_files_z3/test.sleec, redundancy, 3, sat, 0.024567842483520508
../test_files_z3/test.sleec, redundancy, 4, unsat, 0.06531858444213867
../test_files_z3/test.sleec, redundancy, 5, unsat, 0.10628747940063477
../test_files_z3/test.sleec, redundancy, 6, unsat, 0.09629106521606445
../test_files_z3/test.sleec, redundancy, 7, unsat, 0.0259859561920166
../test_files_z3/test.sleec, redundancy, 8, unsat, 0.031334877014160156
../test_files_z3/test.sleec, redundancy, 9, unsat, 0.028723478317260742
../test_files_z3/test.sleec, redundancy, 10, unsat, 0.04146075248718262
../test_files_z3/test.sleec, redundancy, 11, sat, 0.05028223991394043
../test_files_z3/test.sleec, redundancy, 12, unsat, 0.02881598472595215
../test_files_z3/test.sleec, redundancy, 13, sat, 0.031890153884887695
../test_files_z3/test.sleec, redundancy, 14, unsat, 0.056740522384643555
../test_files_z3/test.sleec, redundancy, 15, sat, 0.05074143409729004
../test_files_z3/test.sleec, redundancy, 16, sat, 0.04746532440185547
../test_files_z3/test.sleec, redundancy, 17, sat, 0.05540752410888672
../test_files_z3/test.sleec, redundancy, 18, sat, 0.025130510330200195
../test_files_z3/test.sleec, redundancy, 19, sat, 0.08559966087341309
../test_files_z3/test.sleec, redundancy, 20, unsat, 0.07602643966674805
../test_files_z3/test.sleec, conflict, 0, sat, 0.041478633880615234
../test_files_z3/test.sleec, conflict, 1, sat, 0.0440216064453125
../test_files_z3/test.sleec, conflict, 2, sat, 0.040925025939941406
../test_files_z3/test.sleec, conflict, 3, sat, 0.20053958892822266
../test_files_z3/test.sleec, conflict, 4, sat, 0.21683192253112793
../test_files_z3/test.sleec, conflict, 5, sat, 0.32189464569091797
../test_files_z3/test.sleec, conflict, 6, sat, 0.15643692016601562
../test_files_z3/test.sleec, conflict, 7, sat, 0.15384745597839355
../test_files_z3/test.sleec, conflict, 8, sat, 0.17914605140686035
../test_files_z3/test.sleec, conflict, 9, sat, 0.15877676010131836
../test_files_z3/test.sleec, conflict, 10, sat, 0.15970659255981445
../test_files_z3/test.sleec, conflict, 11, sat, 0.15275311470031738
../test_files_z3/test.sleec, conflict, 12, sat, 0.15776276588439941
../test_files_z3/test.sleec, conflict, 13, sat, 0.02797842025756836
../test_files_z3/test.sleec, conflict, 14, sat, 0.028198719024658203
../test_files_z3/test.sleec, conflict, 15, sat, 0.02801346778869629
../test_files_z3/test.sleec, conflict, 16, sat, 0.06122565269470215
../test_files_z3/test.sleec, conflict, 17, sat, 0.04390716552734375
../test_files_z3/test.sleec, conflict, 18, sat, 0.09595108032226562
../test_files_z3/test.sleec, conflict, 19, sat, 0.09707832336425781
../test_files_z3/test.sleec, conflict, 20, sat, 0.04356718063354492
../test_files_z3/test4.sleec, redundancy, 0, sat, 0.02294158935546875
../test_files_z3/test4.sleec, redundancy, 1, sat, 0.020925283432006836
../test_files_z3/test4.sleec, redundancy, 2, sat, 0.020443439483642578
../test_files_z3/test4.sleec, conflict, 0, sat, 0.04843783378601074
../test_files_z3/test4.sleec, conflict, 1, sat, 0.07650351524353027
../test_files_z3/test4.sleec, conflict, 2, sat, 0.031601905822753906
../test_files_z3/test3.sleec, redundancy, 0, sat, 0.02150106430053711
../test_files_z3/test3.sleec, redundancy, 1, sat, 0.02379751205444336
../test_files_z3/test3.sleec, redundancy, 2, sat, 0.021184206008911133
../test_files_z3/test3.sleec, conflict, 0, sat, 0.04984092712402344
../test_files_z3/test3.sleec, conflict, 1, sat, 0.0847928524017334
../test_files_z3/test3.sleec, conflict, 2, sat, 0.03474020957946777
../test_files_z3/dressingAssist/DRESSASSIST.sleec, redundancy, 0, sat, 0.06353163719177246
../test_files_z3/dressingAssist/DRESSASSIST.sleec, redundancy, 1, sat, 0.07366394996643066
../test_files_z3/dressingAssist/DRESSASSIST.sleec, redundancy, 2, sat, 0.05350947380065918
../test_files_z3/dressingAssist/DRESSASSIST.sleec, redundancy, 3, sat, 0.1803450584411621
../test_files_z3/dressingAssist/DRESSASSIST.sleec, redundancy, 4, sat, 0.18241524696350098
../test_files_z3/dressingAssist/DRESSASSIST.sleec, redundancy, 5, sat, 0.0521855354309082
../test_files_z3/dressingAssist/DRESSASSIST.sleec, redundancy, 6, sat, 0.08179473876953125
../test_files_z3/dressingAssist/DRESSASSIST.sleec, redundancy, 7, sat, 0.05815577507019043
../test_files_z3/dressingAssist/DRESSASSIST.sleec, redundancy, 8, sat, 0.055029869079589844
../test_files_z3/dressingAssist/DRESSASSIST.sleec, redundancy, 9, sat, 0.09058046340942383
../test_files_z3/dressingAssist/DRESSASSIST.sleec, redundancy, 10, sat, 0.05516481399536133
../test_files_z3/dressingAssist/DRESSASSIST.sleec, redundancy, 11, sat, 0.12205719947814941
../test_files_z3/dressingAssist/DRESSASSIST.sleec, redundancy, 12, sat, 0.09348297119140625
../test_files_z3/dressingAssist/DRESSASSIST.sleec, redundancy, 13, sat, 0.07506322860717773
../test_files_z3/dressingAssist/DRESSASSIST.sleec, redundancy, 14, sat, 0.09774994850158691
../test_files_z3/dressingAssist/DRESSASSIST.sleec, redundancy, 15, sat, 0.0637216567993164
../test_files_z3/dressingAssist/DRESSASSIST.sleec, redundancy, 16, sat, 0.06282854080200195
../test_files_z3/dressingAssist/DRESSASSIST.sleec, redundancy, 17, sat, 0.19451093673706055
../test_files_z3/dressingAssist/DRESSASSIST.sleec, redundancy, 18, sat, 0.05618906021118164
../test_files_z3/dressingAssist/DRESSASSIST.sleec, redundancy, 19, sat, 0.054045915603637695
../test_files_z3/dressingAssist/DRESSASSIST.sleec, redundancy, 20, sat, 0.053869009017944336
../test_files_z3/dressingAssist/DRESSASSIST.sleec, redundancy, 21, sat, 0.05379986763000488
../test_files_z3/dressingAssist/DRESSASSIST.sleec, redundancy, 22, sat, 0.10592508316040039
../test_files_z3/dressingAssist/DRESSASSIST.sleec, redundancy, 23, sat, 0.1369767189025879
../test_files_z3/dressingAssist/DRESSASSIST.sleec, redundancy, 24, sat, 0.05705547332763672
../test_files_z3/dressingAssist/DRESSASSIST.sleec, redundancy, 25, sat, 0.04865598678588867
../test_files_z3/dressingAssist/DRESSASSIST.sleec, redundancy, 26, sat, 0.05664873123168945
../test_files_z3/dressingAssist/DRESSASSIST.sleec, redundancy, 27, sat, 0.17379546165466309
../test_files_z3/dressingAssist/DRESSASSIST.sleec, redundancy, 28, sat, 0.06672811508178711
../test_files_z3/dressingAssist/DRESSASSIST.sleec, redundancy, 29, sat, 0.05640149116516113
../test_files_z3/dressingAssist/DRESSASSIST.sleec, redundancy, 30, sat, 0.30123090744018555
../test_files_z3/dressingAssist/DRESSASSIST.sleec, conflict, 0, sat, 0.09381222724914551
../test_files_z3/dressingAssist/DRESSASSIST.sleec, conflict, 1, sat, 0.07760047912597656
../test_files_z3/dressingAssist/DRESSASSIST.sleec, conflict, 2, sat, 0.051316022872924805
../test_files_z3/dressingAssist/DRESSASSIST.sleec, conflict, 3, sat, 0.0810542106628418
../test_files_z3/dressingAssist/DRESSASSIST.sleec, conflict, 4, sat, 0.25693726539611816
../test_files_z3/dressingAssist/DRESSASSIST.sleec, conflict, 5, sat, 0.12472224235534668
../test_files_z3/dressingAssist/DRESSASSIST.sleec, conflict, 6, sat, 0.06795001029968262
../test_files_z3/dressingAssist/DRESSASSIST.sleec, conflict, 7, sat, 0.05607175827026367
../test_files_z3/dressingAssist/DRESSASSIST.sleec, conflict, 8, sat, 0.09595489501953125
../test_files_z3/dressingAssist/DRESSASSIST.sleec, conflict, 9, sat, 0.062299489974975586
../test_files_z3/dressingAssist/DRESSASSIST.sleec, conflict, 10, sat, 0.09456014633178711
../test_files_z3/dressingAssist/DRESSASSIST.sleec, conflict, 11, sat, 0.15479826927185059
../test_files_z3/dressingAssist/DRESSASSIST.sleec, conflict, 12, sat, 0.1262035369873047
../test_files_z3/dressingAssist/DRESSASSIST.sleec, conflict, 13, sat, 0.09677386283874512
../test_files_z3/dressingAssist/DRESSASSIST.sleec, conflict, 14, sat, 0.09388279914855957
../test_files_z3/dressingAssist/DRESSASSIST.sleec, conflict, 15, sat, 0.051482439041137695
../test_files_z3/dressingAssist/DRESSASSIST.sleec, conflict, 16, sat, 0.09243559837341309
../test_files_z3/dressingAssist/DRESSASSIST.sleec, conflict, 17, sat, 0.2259228229522705
../test_files_z3/dressingAssist/DRESSASSIST.sleec, conflict, 18, sat, 0.12816786766052246
../test_files_z3/dressingAssist/DRESSASSIST.sleec, conflict, 19, sat, 0.09433269500732422
../test_files_z3/dressingAssist/DRESSASSIST.sleec, conflict, 20, sat, 0.09303927421569824
../test_files_z3/dressingAssist/DRESSASSIST.sleec, conflict, 21, sat, 0.09382057189941406
../test_files_z3/dressingAssist/DRESSASSIST.sleec, conflict, 22, sat, 0.180772066116333
../test_files_z3/dressingAssist/DRESSASSIST.sleec, conflict, 23, sat, 0.25077390670776367
../test_files_z3/dressingAssist/DRESSASSIST.sleec, conflict, 24, sat, 0.09430670738220215
../test_files_z3/dressingAssist/DRESSASSIST.sleec, conflict, 25, sat, 0.13128948211669922
../test_files_z3/dressingAssist/DRESSASSIST.sleec, conflict, 26, sat, 0.10054612159729004
../test_files_z3/dressingAssist/DRESSASSIST.sleec, conflict, 27, sat, 0.3036789894104004
../test_files_z3/dressingAssist/DRESSASSIST.sleec, conflict, 28, sat, 0.06297445297241211
../test_files_z3/dressingAssist/DRESSASSIST.sleec, conflict, 29, sat, 0.09079217910766602
../test_files_z3/dressingAssist/DRESSASSIST.sleec, conflict, 30, sat, 0.2790846824645996
../test_files_z3/dressingAssist/DRESSASSIST-corrected.sleec, redundancy, 0, sat, 0.05796456336975098
../test_files_z3/dressingAssist/DRESSASSIST-corrected.sleec, redundancy, 1, sat, 0.07211899757385254
../test_files_z3/dressingAssist/DRESSASSIST-corrected.sleec, redundancy, 2, sat, 0.052347421646118164
../test_files_z3/dressingAssist/DRESSASSIST-corrected.sleec, redundancy, 3, sat, 0.1932539939880371
../test_files_z3/dressingAssist/DRESSASSIST-corrected.sleec, redundancy, 4, sat, 0.19494223594665527
../test_files_z3/dressingAssist/DRESSASSIST-corrected.sleec, redundancy, 5, sat, 0.07926535606384277
../test_files_z3/dressingAssist/DRESSASSIST-corrected.sleec, redundancy, 6, sat, 0.09386968612670898
../test_files_z3/dressingAssist/DRESSASSIST-corrected.sleec, redundancy, 7, sat, 0.05575752258300781
../test_files_z3/dressingAssist/DRESSASSIST-corrected.sleec, redundancy, 8, sat, 0.050412654876708984
../test_files_z3/dressingAssist/DRESSASSIST-corrected.sleec, redundancy, 9, sat, 0.08733630180358887
../test_files_z3/dressingAssist/DRESSASSIST-corrected.sleec, redundancy, 10, sat, 0.05523395538330078
../test_files_z3/dressingAssist/DRESSASSIST-corrected.sleec, redundancy, 11, sat, 0.11346673965454102
../test_files_z3/dressingAssist/DRESSASSIST-corrected.sleec, redundancy, 12, sat, 0.09055376052856445
../test_files_z3/dressingAssist/DRESSASSIST-corrected.sleec, redundancy, 13, sat, 0.06404757499694824
../test_files_z3/dressingAssist/DRESSASSIST-corrected.sleec, redundancy, 14, sat, 0.08468317985534668
../test_files_z3/dressingAssist/DRESSASSIST-corrected.sleec, redundancy, 15, sat, 0.057433366775512695
../test_files_z3/dressingAssist/DRESSASSIST-corrected.sleec, redundancy, 16, sat, 0.055594444274902344
../test_files_z3/dressingAssist/DRESSASSIST-corrected.sleec, redundancy, 17, sat, 0.1762847900390625
../test_files_z3/dressingAssist/DRESSASSIST-corrected.sleec, redundancy, 18, sat, 0.05144810676574707
../test_files_z3/dressingAssist/DRESSASSIST-corrected.sleec, redundancy, 19, sat, 0.05485129356384277
../test_files_z3/dressingAssist/DRESSASSIST-corrected.sleec, redundancy, 20, sat, 0.0518040657043457
../test_files_z3/dressingAssist/DRESSASSIST-corrected.sleec, redundancy, 21, sat, 0.04952740669250488
../test_files_z3/dressingAssist/DRESSASSIST-corrected.sleec, redundancy, 22, sat, 0.10084319114685059
../test_files_z3/dressingAssist/DRESSASSIST-corrected.sleec, redundancy, 23, sat, 0.14210271835327148
../test_files_z3/dressingAssist/DRESSASSIST-corrected.sleec, redundancy, 24, sat, 0.051104068756103516
../test_files_z3/dressingAssist/DRESSASSIST-corrected.sleec, redundancy, 25, sat, 0.05030250549316406
../test_files_z3/dressingAssist/DRESSASSIST-corrected.sleec, redundancy, 26, sat, 0.05223989486694336
../test_files_z3/dressingAssist/DRESSASSIST-corrected.sleec, redundancy, 27, sat, 0.17458295822143555
../test_files_z3/dressingAssist/DRESSASSIST-corrected.sleec, redundancy, 28, sat, 0.06230044364929199
../test_files_z3/dressingAssist/DRESSASSIST-corrected.sleec, redundancy, 29, sat, 0.05067157745361328
../test_files_z3/dressingAssist/DRESSASSIST-corrected.sleec, redundancy, 30, sat, 0.23079466819763184
../test_files_z3/dressingAssist/DRESSASSIST-corrected.sleec, conflict, 0, sat, 0.09448957443237305
../test_files_z3/dressingAssist/DRESSASSIST-corrected.sleec, conflict, 1, sat, 0.07103610038757324
../test_files_z3/dressingAssist/DRESSASSIST-corrected.sleec, conflict, 2, sat, 0.054230690002441406
../test_files_z3/dressingAssist/DRESSASSIST-corrected.sleec, conflict, 3, sat, 0.0855257511138916
../test_files_z3/dressingAssist/DRESSASSIST-corrected.sleec, conflict, 4, sat, 0.27443385124206543
../test_files_z3/dressingAssist/DRESSASSIST-corrected.sleec, conflict, 5, sat, 0.11885881423950195
../test_files_z3/dressingAssist/DRESSASSIST-corrected.sleec, conflict, 6, sat, 0.07221055030822754
../test_files_z3/dressingAssist/DRESSASSIST-corrected.sleec, conflict, 7, sat, 0.05252671241760254
../test_files_z3/dressingAssist/DRESSASSIST-corrected.sleec, conflict, 8, sat, 0.0916147232055664
../test_files_z3/dressingAssist/DRESSASSIST-corrected.sleec, conflict, 9, sat, 0.06647562980651855
../test_files_z3/dressingAssist/DRESSASSIST-corrected.sleec, conflict, 10, sat, 0.09254169464111328
../test_files_z3/dressingAssist/DRESSASSIST-corrected.sleec, conflict, 11, sat, 0.15922307968139648
../test_files_z3/dressingAssist/DRESSASSIST-corrected.sleec, conflict, 12, sat, 0.13455891609191895
../test_files_z3/dressingAssist/DRESSASSIST-corrected.sleec, conflict, 13, sat, 0.06166648864746094
../test_files_z3/dressingAssist/DRESSASSIST-corrected.sleec, conflict, 14, sat, 0.09153532981872559
../test_files_z3/dressingAssist/DRESSASSIST-corrected.sleec, conflict, 15, sat, 0.05220317840576172
../test_files_z3/dressingAssist/DRESSASSIST-corrected.sleec, conflict, 16, sat, 0.09057855606079102
../test_files_z3/dressingAssist/DRESSASSIST-corrected.sleec, conflict, 17, sat, 0.22315621376037598
../test_files_z3/dressingAssist/DRESSASSIST-corrected.sleec, conflict, 18, sat, 0.12939691543579102
../test_files_z3/dressingAssist/DRESSASSIST-corrected.sleec, conflict, 19, sat, 0.09428215026855469
../test_files_z3/dressingAssist/DRESSASSIST-corrected.sleec, conflict, 20, sat, 0.0937192440032959
../test_files_z3/dressingAssist/DRESSASSIST-corrected.sleec, conflict, 21, sat, 0.09313464164733887
../test_files_z3/dressingAssist/DRESSASSIST-corrected.sleec, conflict, 22, sat, 0.18541836738586426
../test_files_z3/dressingAssist/DRESSASSIST-corrected.sleec, conflict, 23, sat, 0.2557952404022217
../test_files_z3/dressingAssist/DRESSASSIST-corrected.sleec, conflict, 24, sat, 0.09093427658081055
../test_files_z3/dressingAssist/DRESSASSIST-corrected.sleec, conflict, 25, sat, 0.09715819358825684
../test_files_z3/dressingAssist/DRESSASSIST-corrected.sleec, conflict, 26, sat, 0.09477782249450684
../test_files_z3/dressingAssist/DRESSASSIST-corrected.sleec, conflict, 27, sat, 0.3060882091522217
../test_files_z3/dressingAssist/DRESSASSIST-corrected.sleec, conflict, 28, sat, 0.06510663032531738
../test_files_z3/dressingAssist/DRESSASSIST-corrected.sleec, conflict, 29, sat, 0.09619545936584473
../test_files_z3/dressingAssist/DRESSASSIST-corrected.sleec, conflict, 30, sat, 0.29326605796813965
../test_files_z3/gdpr/DPA-corrected.sleec, redundancy, 0, sat, 0.04718780517578125
../test_files_z3/gdpr/DPA-corrected.sleec, redundancy, 1, sat, 0.03987479209899902
../test_files_z3/gdpr/DPA-corrected.sleec, redundancy, 2, sat, 0.16572904586791992
../test_files_z3/gdpr/DPA-corrected.sleec, redundancy, 3, sat, 0.042147159576416016
../test_files_z3/gdpr/DPA-corrected.sleec, redundancy, 4, sat, 0.04384350776672363
../test_files_z3/gdpr/DPA-corrected.sleec, redundancy, 5, sat, 0.05227994918823242
../test_files_z3/gdpr/DPA-corrected.sleec, redundancy, 6, sat, 0.05928397178649902
../test_files_z3/gdpr/DPA-corrected.sleec, redundancy, 7, sat, 0.09803652763366699
../test_files_z3/gdpr/DPA-corrected.sleec, redundancy, 8, sat, 0.09051680564880371
../test_files_z3/gdpr/DPA-corrected.sleec, redundancy, 9, sat, 0.04341530799865723
../test_files_z3/gdpr/DPA-corrected.sleec, redundancy, 10, sat, 0.042853593826293945
../test_files_z3/gdpr/DPA-corrected.sleec, redundancy, 11, sat, 0.06597352027893066
../test_files_z3/gdpr/DPA-corrected.sleec, redundancy, 12, sat, 0.0664820671081543
../test_files_z3/gdpr/DPA-corrected.sleec, redundancy, 13, sat, 0.24701857566833496
../test_files_z3/gdpr/DPA-corrected.sleec, redundancy, 14, sat, 0.03856682777404785
../test_files_z3/gdpr/DPA-corrected.sleec, redundancy, 15, sat, 0.07190179824829102
../test_files_z3/gdpr/DPA-corrected.sleec, redundancy, 16, sat, 0.04246354103088379
../test_files_z3/gdpr/DPA-corrected.sleec, redundancy, 17, sat, 0.04300546646118164
../test_files_z3/gdpr/DPA-corrected.sleec, redundancy, 18, sat, 0.10009479522705078
../test_files_z3/gdpr/DPA-corrected.sleec, redundancy, 19, sat, 0.06680011749267578
../test_files_z3/gdpr/DPA-corrected.sleec, redundancy, 20, sat, 0.06593847274780273
../test_files_z3/gdpr/DPA-corrected.sleec, redundancy, 21, sat, 0.06697916984558105
../test_files_z3/gdpr/DPA-corrected.sleec, redundancy, 22, sat, 0.20618987083435059
../test_files_z3/gdpr/DPA-corrected.sleec, redundancy, 23, sat, 0.038919687271118164
../test_files_z3/gdpr/DPA-corrected.sleec, redundancy, 24, sat, 0.04031515121459961
../test_files_z3/gdpr/DPA-corrected.sleec, conflict, 0, sat, 0.046656131744384766
../test_files_z3/gdpr/DPA-corrected.sleec, conflict, 1, sat, 0.13147354125976562
../test_files_z3/gdpr/DPA-corrected.sleec, conflict, 2, sat, 0.13595175743103027
../test_files_z3/gdpr/DPA-corrected.sleec, conflict, 3, sat, 0.12540173530578613
../test_files_z3/gdpr/DPA-corrected.sleec, conflict, 4, sat, 0.1398618221282959
../test_files_z3/gdpr/DPA-corrected.sleec, conflict, 5, sat, 0.25998806953430176
../test_files_z3/gdpr/DPA-corrected.sleec, conflict, 6, sat, 0.12503623962402344
../test_files_z3/gdpr/DPA-corrected.sleec, conflict, 7, sat, 0.15106463432312012
../test_files_z3/gdpr/DPA-corrected.sleec, conflict, 8, sat, 0.12530064582824707
../test_files_z3/gdpr/DPA-corrected.sleec, conflict, 9, sat, 0.0645294189453125
../test_files_z3/gdpr/DPA-corrected.sleec, conflict, 10, sat, 0.2739253044128418
../test_files_z3/gdpr/DPA-corrected.sleec, conflict, 11, sat, 0.09538531303405762
../test_files_z3/gdpr/DPA-corrected.sleec, conflict, 12, sat, 0.09294462203979492
../test_files_z3/gdpr/DPA-corrected.sleec, conflict, 13, sat, 0.09914588928222656
../test_files_z3/gdpr/DPA-corrected.sleec, conflict, 14, sat, 0.09162306785583496
../test_files_z3/gdpr/DPA-corrected.sleec, conflict, 15, sat, 0.2628591060638428
../test_files_z3/gdpr/DPA-corrected.sleec, conflict, 16, sat, 0.24608612060546875
../test_files_z3/gdpr/DPA-corrected.sleec, conflict, 17, sat, 0.2048811912536621
../test_files_z3/gdpr/DPA-corrected.sleec, conflict, 18, sat, 0.10356402397155762
../test_files_z3/gdpr/DPA-corrected.sleec, conflict, 19, sat, 0.10144352912902832
../test_files_z3/gdpr/DPA-corrected.sleec, conflict, 20, sat, 0.1486678123474121
../test_files_z3/gdpr/DPA-corrected.sleec, conflict, 21, sat, 0.09943628311157227
../test_files_z3/gdpr/DPA-corrected.sleec, conflict, 22, sat, 0.1376197338104248
../test_files_z3/gdpr/DPA-corrected.sleec, conflict, 23, sat, 0.13297748565673828
../test_files_z3/gdpr/DPA-corrected.sleec, conflict, 24, sat, 0.10047173500061035
../test_files_z3/gdpr/DPA.sleec, redundancy, 0, sat, 0.04621410369873047
../test_files_z3/gdpr/DPA.sleec, redundancy, 1, sat, 0.06959390640258789
../test_files_z3/gdpr/DPA.sleec, redundancy, 2, sat, 0.048224449157714844
../test_files_z3/gdpr/DPA.sleec, redundancy, 3, sat, 0.042214393615722656
../test_files_z3/gdpr/DPA.sleec, redundancy, 4, sat, 0.04433941841125488
../test_files_z3/gdpr/DPA.sleec, redundancy, 5, sat, 0.059266090393066406
../test_files_z3/gdpr/DPA.sleec, redundancy, 6, sat, 0.06304502487182617
../test_files_z3/gdpr/DPA.sleec, redundancy, 7, sat, 0.0800771713256836
../test_files_z3/gdpr/DPA.sleec, redundancy, 8, sat, 0.049945831298828125
../test_files_z3/gdpr/DPA.sleec, redundancy, 9, sat, 0.06296133995056152
../test_files_z3/gdpr/DPA.sleec, redundancy, 10, sat, 0.06538510322570801
../test_files_z3/gdpr/DPA.sleec, redundancy, 11, sat, 0.2612013816833496
../test_files_z3/gdpr/DPA.sleec, redundancy, 12, sat, 0.036940574645996094
../test_files_z3/gdpr/DPA.sleec, redundancy, 13, sat, 0.04221820831298828
../test_files_z3/gdpr/DPA.sleec, redundancy, 14, sat, 0.04621267318725586
../test_files_z3/gdpr/DPA.sleec, redundancy, 15, sat, 0.04165005683898926
../test_files_z3/gdpr/DPA.sleec, redundancy, 16, sat, 0.06560659408569336
../test_files_z3/gdpr/DPA.sleec, redundancy, 17, sat, 0.0970618724822998
../test_files_z3/gdpr/DPA.sleec, redundancy, 18, sat, 0.06959295272827148
../test_files_z3/gdpr/DPA.sleec, redundancy, 19, sat, 0.06724381446838379
../test_files_z3/gdpr/DPA.sleec, redundancy, 20, sat, 0.03979206085205078
../test_files_z3/gdpr/DPA.sleec, redundancy, 21, sat, 0.0385892391204834
../test_files_z3/gdpr/DPA.sleec, conflict, 0, sat, 0.09768891334533691
../test_files_z3/gdpr/DPA.sleec, conflict, 1, sat, 0.15594005584716797
../test_files_z3/gdpr/DPA.sleec, conflict, 2, sat, 0.12136101722717285
../test_files_z3/gdpr/DPA.sleec, conflict, 3, sat, 0.22684884071350098
../test_files_z3/gdpr/DPA.sleec, conflict, 4, sat, 0.2062053680419922
../test_files_z3/gdpr/DPA.sleec, conflict, 5, sat, 0.14216184616088867
../test_files_z3/gdpr/DPA.sleec, conflict, 6, sat, 0.09974193572998047
../test_files_z3/gdpr/DPA.sleec, conflict, 7, sat, 0.1214292049407959
../test_files_z3/gdpr/DPA.sleec, conflict, 8, sat, 0.2615199089050293
../test_files_z3/gdpr/DPA.sleec, conflict, 9, sat, 0.0969688892364502
../test_files_z3/gdpr/DPA.sleec, conflict, 10, sat, 0.09573197364807129
../test_files_z3/gdpr/DPA.sleec, conflict, 11, sat, 0.1236412525177002
../test_files_z3/gdpr/DPA.sleec, conflict, 12, sat, 0.0951390266418457
../test_files_z3/gdpr/DPA.sleec, conflict, 13, sat, 0.23065471649169922
../test_files_z3/gdpr/DPA.sleec, conflict, 14, sat, 0.27808260917663574
../test_files_z3/gdpr/DPA.sleec, conflict, 15, sat, 0.20027542114257812
../test_files_z3/gdpr/DPA.sleec, conflict, 16, sat, 0.13669681549072266
../test_files_z3/gdpr/DPA.sleec, conflict, 17, sat, 0.1038355827331543
../test_files_z3/gdpr/DPA.sleec, conflict, 18, sat, 0.10499167442321777
../test_files_z3/gdpr/DPA.sleec, conflict, 19, sat, 0.09629297256469727
../test_files_z3/gdpr/DPA.sleec, conflict, 20, sat, 0.11865830421447754
../test_files_z3/gdpr/DPA.sleec, conflict, 21, sat, 0.09849905967712402
../test_files_z3/covidfree/manual.sleec, redundancy, 0, sat, 0.26598238945007324
../test_files_z3/covidfree/manual.sleec, redundancy, 1, sat, 0.03699970245361328
../test_files_z3/covidfree/manual.sleec, redundancy, 2, sat, 0.04657173156738281
../test_files_z3/covidfree/manual.sleec, redundancy, 3, sat, 0.03348708152770996
../test_files_z3/covidfree/manual.sleec, redundancy, 4, sat, 0.035666704177856445
../test_files_z3/covidfree/manual.sleec, redundancy, 5, sat, 0.03581690788269043
../test_files_z3/covidfree/manual.sleec, redundancy, 6, sat, 0.04865407943725586
../test_files_z3/covidfree/manual.sleec, redundancy, 7, sat, 0.03654336929321289
../test_files_z3/covidfree/manual.sleec, redundancy, 8, sat, 0.13367128372192383
../test_files_z3/covidfree/manual.sleec, redundancy, 9, sat, 0.03766131401062012
../test_files_z3/covidfree/manual.sleec, redundancy, 10, sat, 0.05850815773010254
../test_files_z3/covidfree/manual.sleec, redundancy, 11, sat, 0.060303449630737305
../test_files_z3/covidfree/manual.sleec, redundancy, 12, sat, 0.034836530685424805
../test_files_z3/covidfree/manual.sleec, redundancy, 13, sat, 0.0331416130065918
../test_files_z3/covidfree/manual.sleec, redundancy, 14, sat, 0.033837080001831055
../test_files_z3/covidfree/manual.sleec, redundancy, 15, sat, 0.03505349159240723
../test_files_z3/covidfree/manual.sleec, redundancy, 16, sat, 0.03477668762207031
../test_files_z3/covidfree/manual.sleec, redundancy, 17, sat, 0.034032583236694336
../test_files_z3/covidfree/manual.sleec, redundancy, 18, sat, 0.08113217353820801
../test_files_z3/covidfree/manual.sleec, conflict, 0, sat, 0.12830805778503418
../test_files_z3/covidfree/manual.sleec, conflict, 1, sat, 0.08420395851135254
../test_files_z3/covidfree/manual.sleec, conflict, 2, sat, 0.17892909049987793
../test_files_z3/covidfree/manual.sleec, conflict, 3, sat, 0.06384968757629395
../test_files_z3/covidfree/manual.sleec, conflict, 4, sat, 0.057897090911865234
../test_files_z3/covidfree/manual.sleec, conflict, 5, sat, 0.03562474250793457
../test_files_z3/covidfree/manual.sleec, conflict, 6, sat, 0.08484816551208496
../test_files_z3/covidfree/manual.sleec, conflict, 7, sat, 0.06786870956420898
../test_files_z3/covidfree/manual.sleec, conflict, 8, sat, 0.14758563041687012
../test_files_z3/covidfree/manual.sleec, conflict, 9, sat, 0.1421215534210205
../test_files_z3/covidfree/manual.sleec, conflict, 10, sat, 0.08272719383239746
../test_files_z3/covidfree/manual.sleec, conflict, 11, sat, 0.07954096794128418
../test_files_z3/covidfree/manual.sleec, conflict, 12, sat, 0.05499696731567383
../test_files_z3/covidfree/manual.sleec, conflict, 13, sat, 0.057152509689331055
../test_files_z3/covidfree/manual.sleec, conflict, 14, sat, 0.056852102279663086
../test_files_z3/covidfree/manual.sleec, conflict, 15, sat, 0.078857421875
../test_files_z3/covidfree/manual.sleec, conflict, 16, sat, 0.107421875
../test_files_z3/covidfree/manual.sleec, conflict, 17, sat, 0.0939028263092041
../test_files_z3/covidfree/manual.sleec, conflict, 18, sat, 0.08745265007019043
../test_files_z3/covidfree/covidfree.sleec, redundancy, 0, sat, 0.0637354850769043
../test_files_z3/covidfree/covidfree.sleec, redundancy, 1, sat, 0.04487872123718262
../test_files_z3/covidfree/covidfree.sleec, redundancy, 2, unsat, 0.3262655735015869
../test_files_z3/covidfree/covidfree.sleec, redundancy, 3, unsat, 0.3015437126159668
../test_files_z3/covidfree/covidfree.sleec, redundancy, 4, sat, 0.045664072036743164
../test_files_z3/covidfree/covidfree.sleec, redundancy, 5, unsat, 0.04257917404174805
../test_files_z3/covidfree/covidfree.sleec, redundancy, 6, unsat, 0.09832262992858887
../test_files_z3/covidfree/covidfree.sleec, redundancy, 7, sat, 0.04260134696960449
../test_files_z3/covidfree/covidfree.sleec, redundancy, 8, sat, 0.06874346733093262
../test_files_z3/covidfree/covidfree.sleec, redundancy, 9, sat, 0.05131268501281738
../test_files_z3/covidfree/covidfree.sleec, redundancy, 10, sat, 0.04025840759277344
../test_files_z3/covidfree/covidfree.sleec, redundancy, 11, sat, 0.06867766380310059
../test_files_z3/covidfree/covidfree.sleec, redundancy, 12, unsat, 0.33243489265441895
../test_files_z3/covidfree/covidfree.sleec, redundancy, 13, sat, 0.04593658447265625
../test_files_z3/covidfree/covidfree.sleec, redundancy, 14, sat, 0.04096722602844238
../test_files_z3/covidfree/covidfree.sleec, redundancy, 15, unsat, 0.2916393280029297
../test_files_z3/covidfree/covidfree.sleec, redundancy, 16, unsat, 0.3503291606903076
../test_files_z3/covidfree/covidfree.sleec, redundancy, 17, unsat, 0.29512763023376465
../test_files_z3/covidfree/covidfree.sleec, redundancy, 18, sat, 0.0969552993774414
../test_files_z3/covidfree/covidfree.sleec, redundancy, 19, unsat, 0.2874419689178467
../test_files_z3/covidfree/covidfree.sleec, redundancy, 20, sat, 0.04132437705993652
../test_files_z3/covidfree/covidfree.sleec, redundancy, 21, unsat, 0.1980760097503662
../test_files_z3/covidfree/covidfree.sleec, redundancy, 22, sat, 0.046108245849609375
../test_files_z3/covidfree/covidfree.sleec, redundancy, 23, unsat, 0.11963272094726562
../test_files_z3/covidfree/covidfree.sleec, redundancy, 24, sat, 0.04817056655883789
../test_files_z3/covidfree/covidfree.sleec, conflict, 0, sat, 0.0992133617401123
../test_files_z3/covidfree/covidfree.sleec, conflict, 1, sat, 0.17633962631225586
../test_files_z3/covidfree/covidfree.sleec, conflict, 2, unsat, 0.3565247058868408
../test_files_z3/covidfree/covidfree.sleec, conflict, 3, unsat, 0.3358020782470703
../test_files_z3/covidfree/covidfree.sleec, conflict, 4, sat, 0.22823691368103027
../test_files_z3/covidfree/covidfree.sleec, conflict, 5, unsat, 0.07463955879211426
../test_files_z3/covidfree/covidfree.sleec, conflict, 6, sat, 0.045255184173583984
../test_files_z3/covidfree/covidfree.sleec, conflict, 7, unsat, 0.07907748222351074
../test_files_z3/covidfree/covidfree.sleec, conflict, 8, sat, 0.2407057285308838
../test_files_z3/covidfree/covidfree.sleec, conflict, 9, sat, 0.1950075626373291
../test_files_z3/covidfree/covidfree.sleec, conflict, 10, unsat, 0.3855020999908447
../test_files_z3/covidfree/covidfree.sleec, conflict, 11, unsat, 0.11004829406738281
../test_files_z3/covidfree/covidfree.sleec, conflict, 12, unsat, 0.3310508728027344
../test_files_z3/covidfree/covidfree.sleec, conflict, 13, unsat, 0.10375356674194336
../test_files_z3/covidfree/covidfree.sleec, conflict, 14, unsat, 0.10343217849731445
../test_files_z3/covidfree/covidfree.sleec, conflict, 15, unsat, 0.3956778049468994
../test_files_z3/covidfree/covidfree.sleec, conflict, 16, unsat, 0.3858816623687744
../test_files_z3/covidfree/covidfree.sleec, conflict, 17, unsat, 0.3241283893585205
../test_files_z3/covidfree/covidfree.sleec, conflict, 18, sat, 0.1381371021270752
../test_files_z3/covidfree/covidfree.sleec, conflict, 19, unsat, 0.32723093032836914
../test_files_z3/covidfree/covidfree.sleec, conflict, 20, unsat, 0.10501337051391602
../test_files_z3/covidfree/covidfree.sleec, conflict, 21, sat, 0.04653573036193848
../test_files_z3/covidfree/covidfree.sleec, conflict, 22, sat, 0.2364792823791504
../test_files_z3/covidfree/covidfree.sleec, conflict, 23, sat, 0.04487729072570801
../test_files_z3/covidfree/covidfree.sleec, conflict, 24, sat, 0.04428672790527344
../test_files_z3/safescade/safescade.sleec, redundancy, 0, sat, 0.15070581436157227
../test_files_z3/safescade/safescade.sleec, redundancy, 1, unsat, 0.0459752082824707
../test_files_z3/safescade/safescade.sleec, redundancy, 2, sat, 0.036458492279052734
../test_files_z3/safescade/safescade.sleec, redundancy, 3, unsat, 0.03451418876647949
../test_files_z3/safescade/safescade.sleec, redundancy, 4, unsat, 0.04557657241821289
../test_files_z3/safescade/safescade.sleec, redundancy, 5, sat, 0.03819680213928223
../test_files_z3/safescade/safescade.sleec, redundancy, 6, sat, 0.7133874893188477
../test_files_z3/safescade/safescade.sleec, redundancy, 7, sat, 0.37411928176879883
../test_files_z3/safescade/safescade.sleec, redundancy, 8, sat, 0.03921866416931152
../test_files_z3/safescade/safescade.sleec, redundancy, 9, sat, 0.034780025482177734
../test_files_z3/safescade/safescade.sleec, redundancy, 10, sat, 0.0354006290435791
../test_files_z3/safescade/safescade.sleec, redundancy, 11, sat, 0.08880829811096191
../test_files_z3/safescade/safescade.sleec, redundancy, 12, sat, 0.11190485954284668
../test_files_z3/safescade/safescade.sleec, redundancy, 13, sat, 0.03882551193237305
../test_files_z3/safescade/safescade.sleec, redundancy, 14, sat, 0.0625307559967041
../test_files_z3/safescade/safescade.sleec, redundancy, 15, sat, 0.2511775493621826
../test_files_z3/safescade/safescade.sleec, redundancy, 16, sat, 0.11227607727050781
../test_files_z3/safescade/safescade.sleec, redundancy, 17, sat, 0.06794023513793945
../test_files_z3/safescade/safescade.sleec, redundancy, 18, sat, 0.03796648979187012
../test_files_z3/safescade/safescade.sleec, redundancy, 19, sat, 0.3482954502105713
../test_files_z3/safescade/safescade.sleec, redundancy, 20, sat, 0.06539154052734375
../test_files_z3/safescade/safescade.sleec, redundancy, 21, sat, 0.1182560920715332
../test_files_z3/safescade/safescade.sleec, redundancy, 22, sat, 0.06394457817077637
../test_files_z3/safescade/safescade.sleec, redundancy, 23, sat, 0.3818199634552002
../test_files_z3/safescade/safescade.sleec, redundancy, 24, sat, 0.5697596073150635
../test_files_z3/safescade/safescade.sleec, redundancy, 25, sat, 0.0358273983001709
../test_files_z3/safescade/safescade.sleec, redundancy, 26, sat, 0.06403136253356934
../test_files_z3/safescade/safescade.sleec, redundancy, 27, sat, 0.06401419639587402
../test_files_z3/safescade/safescade.sleec, conflict, 0, sat, 0.3006894588470459
../test_files_z3/safescade/safescade.sleec, conflict, 1, sat, 0.10042810440063477
../test_files_z3/safescade/safescade.sleec, conflict, 2, sat, 0.17356300354003906
../test_files_z3/safescade/safescade.sleec, conflict, 3, sat, 0.30925774574279785
../test_files_z3/safescade/safescade.sleec, conflict, 4, sat, 0.1004638671875
../test_files_z3/safescade/safescade.sleec, conflict, 5, sat, 0.1659684181213379
../test_files_z3/safescade/safescade.sleec, conflict, 6, sat, 0.17708897590637207
../test_files_z3/safescade/safescade.sleec, conflict, 7, sat, 0.30999255180358887
../test_files_z3/safescade/safescade.sleec, conflict, 8, sat, 0.06108546257019043
../test_files_z3/safescade/safescade.sleec, conflict, 9, sat, 0.0635833740234375
../test_files_z3/safescade/safescade.sleec, conflict, 10, sat, 0.5774176120758057
../test_files_z3/safescade/safescade.sleec, conflict, 11, sat, 0.22144150733947754
../test_files_z3/safescade/safescade.sleec, conflict, 12, sat, 0.3102850914001465
../test_files_z3/safescade/safescade.sleec, conflict, 13, sat, 0.06239962577819824
../test_files_z3/safescade/safescade.sleec, conflict, 14, sat, 0.10156798362731934
../test_files_z3/safescade/safescade.sleec, conflict, 15, sat, 0.660097599029541
../test_files_z3/safescade/safescade.sleec, conflict, 16, sat, 0.29128241539001465
../test_files_z3/safescade/safescade.sleec, conflict, 17, sat, 0.12774348258972168
../test_files_z3/safescade/safescade.sleec, conflict, 18, sat, 0.17441678047180176
../test_files_z3/safescade/safescade.sleec, conflict, 19, sat, 0.03986310958862305
../test_files_z3/safescade/safescade.sleec, conflict, 20, sat, 0.09762191772460938
../test_files_z3/safescade/safescade.sleec, conflict, 21, sat, 0.22539281845092773
../test_files_z3/safescade/safescade.sleec, conflict, 22, sat, 0.10156416893005371
../test_files_z3/safescade/safescade.sleec, conflict, 23, sat, 0.6688787937164307
../test_files_z3/safescade/safescade.sleec, conflict, 24, sat, 0.6115024089813232
../test_files_z3/safescade/safescade.sleec, conflict, 25, sat, 0.11737823486328125
../test_files_z3/safescade/safescade.sleec, conflict, 26, sat, 0.0990152359008789
../test_files_z3/safescade/safescade.sleec, conflict, 27, sat, 0.09999394416809082
../test_files_z3/safescade/safescade-corrected.sleec, redundancy, 0, sat, 0.13419270515441895
../test_files_z3/safescade/safescade-corrected.sleec, redundancy, 1, sat, 0.04618382453918457
../test_files_z3/safescade/safescade-corrected.sleec, redundancy, 2, sat, 0.03577423095703125
../test_files_z3/safescade/safescade-corrected.sleec, redundancy, 3, sat, 0.04598712921142578
../test_files_z3/safescade/safescade-corrected.sleec, redundancy, 4, sat, 0.19602608680725098
../test_files_z3/safescade/safescade-corrected.sleec, redundancy, 5, sat, 0.05959677696228027
../test_files_z3/safescade/safescade-corrected.sleec, redundancy, 6, sat, 0.04243803024291992
../test_files_z3/safescade/safescade-corrected.sleec, redundancy, 7, sat, 0.04845261573791504
../test_files_z3/safescade/safescade-corrected.sleec, redundancy, 8, sat, 0.2559328079223633
../test_files_z3/safescade/safescade-corrected.sleec, redundancy, 9, sat, 0.04695272445678711
../test_files_z3/safescade/safescade-corrected.sleec, redundancy, 10, sat, 0.03990435600280762
../test_files_z3/safescade/safescade-corrected.sleec, redundancy, 11, sat, 0.06519293785095215
../test_files_z3/safescade/safescade-corrected.sleec, redundancy, 12, sat, 0.15701508522033691
../test_files_z3/safescade/safescade-corrected.sleec, redundancy, 13, sat, 0.06876516342163086
../test_files_z3/safescade/safescade-corrected.sleec, redundancy, 14, sat, 0.03694939613342285
../test_files_z3/safescade/safescade-corrected.sleec, redundancy, 15, sat, 0.04104137420654297
../test_files_z3/safescade/safescade-corrected.sleec, redundancy, 16, sat, 0.06621479988098145
../test_files_z3/safescade/safescade-corrected.sleec, redundancy, 17, sat, 0.03739166259765625
../test_files_z3/safescade/safescade-corrected.sleec, redundancy, 18, sat, 0.03981947898864746
../test_files_z3/safescade/safescade-corrected.sleec, redundancy, 19, sat, 0.06688213348388672
../test_files_z3/safescade/safescade-corrected.sleec, redundancy, 20, sat, 0.25458192825317383
../test_files_z3/safescade/safescade-corrected.sleec, redundancy, 21, sat, 0.31749963760375977
../test_files_z3/safescade/safescade-corrected.sleec, redundancy, 22, sat, 0.08162808418273926
../test_files_z3/safescade/safescade-corrected.sleec, redundancy, 23, sat, 0.06881499290466309
../test_files_z3/safescade/safescade-corrected.sleec, redundancy, 24, sat, 0.07464432716369629
../test_files_z3/safescade/safescade-corrected.sleec, redundancy, 25, sat, 0.04084515571594238
../test_files_z3/safescade/safescade-corrected.sleec, redundancy, 26, sat, 0.04166769981384277
../test_files_z3/safescade/safescade-corrected.sleec, conflict, 0, sat, 0.476412296295166
../test_files_z3/safescade/safescade-corrected.sleec, conflict, 1, sat, 0.09430122375488281
../test_files_z3/safescade/safescade-corrected.sleec, conflict, 2, sat, 0.06590628623962402
../test_files_z3/safescade/safescade-corrected.sleec, conflict, 3, sat, 0.11553311347961426
../test_files_z3/safescade/safescade-corrected.sleec, conflict, 4, sat, 0.16413354873657227
../test_files_z3/safescade/safescade-corrected.sleec, conflict, 5, sat, 0.06279158592224121
../test_files_z3/safescade/safescade-corrected.sleec, conflict, 6, sat, 0.07756567001342773
../test_files_z3/safescade/safescade-corrected.sleec, conflict, 7, sat, 0.3283846378326416
../test_files_z3/safescade/safescade-corrected.sleec, conflict, 8, sat, 0.1842637062072754
../test_files_z3/safescade/safescade-corrected.sleec, conflict, 9, sat, 0.15136170387268066
../test_files_z3/safescade/safescade-corrected.sleec, conflict, 10, sat, 0.0920097827911377
../test_files_z3/safescade/safescade-corrected.sleec, conflict, 11, sat, 0.06403207778930664
../test_files_z3/safescade/safescade-corrected.sleec, conflict, 12, sat, 0.3856227397918701
../test_files_z3/safescade/safescade-corrected.sleec, conflict, 13, sat, 0.18276691436767578
../test_files_z3/safescade/safescade-corrected.sleec, conflict, 14, sat, 0.12215662002563477
../test_files_z3/safescade/safescade-corrected.sleec, conflict, 15, sat, 0.09378981590270996
../test_files_z3/safescade/safescade-corrected.sleec, conflict, 16, sat, 0.13460564613342285
../test_files_z3/safescade/safescade-corrected.sleec, conflict, 17, sat, 0.09970378875732422
../test_files_z3/safescade/safescade-corrected.sleec, conflict, 18, sat, 0.09360718727111816
../test_files_z3/safescade/safescade-corrected.sleec, conflict, 19, sat, 0.10654067993164062
../test_files_z3/safescade/safescade-corrected.sleec, conflict, 20, sat, 0.3697082996368408
../test_files_z3/safescade/safescade-corrected.sleec, conflict, 21, sat, 0.35758304595947266
../test_files_z3/safescade/safescade-corrected.sleec, conflict, 22, sat, 0.03986954689025879
../test_files_z3/safescade/safescade-corrected.sleec, conflict, 23, sat, 0.09693288803100586
../test_files_z3/safescade/safescade-corrected.sleec, conflict, 24, sat, 0.10156416893005371
../test_files_z3/safescade/safescade-corrected.sleec, conflict, 25, sat, 0.21360135078430176
../test_files_z3/safescade/safescade-corrected.sleec, conflict, 26, sat, 0.1590125560760498
../test_files_z3/ASPEN/aspen.sleec, redundancy, 0, sat, 0.06565642356872559
../test_files_z3/ASPEN/aspen.sleec, redundancy, 1, sat, 0.033901214599609375
../test_files_z3/ASPEN/aspen.sleec, redundancy, 2, sat, 0.03953194618225098
../test_files_z3/ASPEN/aspen.sleec, redundancy, 3, sat, 0.043950557708740234
../test_files_z3/ASPEN/aspen.sleec, redundancy, 4, sat, 0.08909726142883301
../test_files_z3/ASPEN/aspen.sleec, redundancy, 5, sat, 0.19019603729248047
../test_files_z3/ASPEN/aspen.sleec, redundancy, 6, sat, 0.05474400520324707
../test_files_z3/ASPEN/aspen.sleec, redundancy, 7, sat, 0.18639707565307617
../test_files_z3/ASPEN/aspen.sleec, redundancy, 8, sat, 0.0379481315612793
../test_files_z3/ASPEN/aspen.sleec, redundancy, 9, sat, 0.5179245471954346
../test_files_z3/ASPEN/aspen.sleec, redundancy, 10, sat, 0.1789417266845703
../test_files_z3/ASPEN/aspen.sleec, redundancy, 11, sat, 0.19661760330200195
../test_files_z3/ASPEN/aspen.sleec, redundancy, 12, sat, 0.17096710205078125
../test_files_z3/ASPEN/aspen.sleec, redundancy, 13, sat, 0.03457307815551758
../test_files_z3/ASPEN/aspen.sleec, redundancy, 14, sat, 0.03403186798095703
../test_files_z3/ASPEN/aspen.sleec, redundancy, 15, sat, 0.14634370803833008
../test_files_z3/ASPEN/aspen.sleec, redundancy, 16, sat, 0.03377819061279297
../test_files_z3/ASPEN/aspen.sleec, redundancy, 17, sat, 0.03404092788696289
../test_files_z3/ASPEN/aspen.sleec, redundancy, 18, sat, 0.07469844818115234
../test_files_z3/ASPEN/aspen.sleec, redundancy, 19, sat, 0.06380367279052734
../test_files_z3/ASPEN/aspen.sleec, redundancy, 20, sat, 0.3296940326690674
../test_files_z3/ASPEN/aspen.sleec, redundancy, 21, unsat, 0.30016517639160156
../test_files_z3/ASPEN/aspen.sleec, redundancy, 22, sat, 0.30080223083496094
../test_files_z3/ASPEN/aspen.sleec, conflict, 0, sat, 0.13585567474365234
../test_files_z3/ASPEN/aspen.sleec, conflict, 1, sat, 0.0907449722290039
../test_files_z3/ASPEN/aspen.sleec, conflict, 2, sat, 0.03943324089050293
../test_files_z3/ASPEN/aspen.sleec, conflict, 3, sat, 0.07917070388793945
../test_files_z3/ASPEN/aspen.sleec, conflict, 4, sat, 0.08714437484741211
../test_files_z3/ASPEN/aspen.sleec, conflict, 5, sat, 0.3586876392364502
../test_files_z3/ASPEN/aspen.sleec, conflict, 6, sat, 0.05889081954956055
../test_files_z3/ASPEN/aspen.sleec, conflict, 7, sat, 0.21077871322631836
../test_files_z3/ASPEN/aspen.sleec, conflict, 8, sat, 0.10283899307250977
../test_files_z3/ASPEN/aspen.sleec, conflict, 9, sat, 0.08624505996704102
../test_files_z3/ASPEN/aspen.sleec, conflict, 10, sat, 0.20734882354736328
../test_files_z3/ASPEN/aspen.sleec, conflict, 11, sat, 0.23028230667114258
../test_files_z3/ASPEN/aspen.sleec, conflict, 12, sat, 0.333742618560791
../test_files_z3/ASPEN/aspen.sleec, conflict, 13, sat, 0.06558704376220703
../test_files_z3/ASPEN/aspen.sleec, conflict, 14, sat, 0.059107065200805664
../test_files_z3/ASPEN/aspen.sleec, conflict, 15, sat, 0.4780266284942627
../test_files_z3/ASPEN/aspen.sleec, conflict, 16, sat, 0.05875039100646973
../test_files_z3/ASPEN/aspen.sleec, conflict, 17, sat, 0.06008458137512207
../test_files_z3/ASPEN/aspen.sleec, conflict, 18, sat, 0.14391112327575684
../test_files_z3/ASPEN/aspen.sleec, conflict, 19, sat, 0.09384322166442871
../test_files_z3/ASPEN/aspen.sleec, conflict, 20, sat, 0.08437871932983398
../test_files_z3/ASPEN/aspen.sleec, conflict, 21, sat, 0.3428382873535156
../test_files_z3/ASPEN/aspen.sleec, conflict, 22, sat, 0.29128456115722656
../test_files_z3/ASPEN/aspen-corrected.sleec, redundancy, 0, sat, 0.06212139129638672
../test_files_z3/ASPEN/aspen-corrected.sleec, redundancy, 1, sat, 0.03730201721191406
../test_files_z3/ASPEN/aspen-corrected.sleec, redundancy, 2, sat, 0.035407066345214844
../test_files_z3/ASPEN/aspen-corrected.sleec, redundancy, 3, sat, 0.04265165328979492
../test_files_z3/ASPEN/aspen-corrected.sleec, redundancy, 4, sat, 0.3681771755218506
../test_files_z3/ASPEN/aspen-corrected.sleec, redundancy, 5, sat, 0.24046015739440918
../test_files_z3/ASPEN/aspen-corrected.sleec, redundancy, 6, sat, 0.033442020416259766
../test_files_z3/ASPEN/aspen-corrected.sleec, redundancy, 7, sat, 0.23008155822753906
../test_files_z3/ASPEN/aspen-corrected.sleec, redundancy, 8, sat, 0.03702211380004883
../test_files_z3/ASPEN/aspen-corrected.sleec, redundancy, 9, sat, 0.46400880813598633
../test_files_z3/ASPEN/aspen-corrected.sleec, redundancy, 10, sat, 0.21444249153137207
../test_files_z3/ASPEN/aspen-corrected.sleec, redundancy, 11, sat, 0.20609831809997559
../test_files_z3/ASPEN/aspen-corrected.sleec, redundancy, 12, sat, 0.24402642250061035
../test_files_z3/ASPEN/aspen-corrected.sleec, redundancy, 13, sat, 0.03469514846801758
../test_files_z3/ASPEN/aspen-corrected.sleec, redundancy, 14, sat, 0.07526302337646484
../test_files_z3/ASPEN/aspen-corrected.sleec, redundancy, 15, sat, 0.06495261192321777
../test_files_z3/ASPEN/aspen-corrected.sleec, redundancy, 16, sat, 0.03503918647766113
../test_files_z3/ASPEN/aspen-corrected.sleec, redundancy, 17, sat, 0.03677821159362793
../test_files_z3/ASPEN/aspen-corrected.sleec, redundancy, 18, sat, 0.21812891960144043
../test_files_z3/ASPEN/aspen-corrected.sleec, redundancy, 19, sat, 0.03517508506774902
../test_files_z3/ASPEN/aspen-corrected.sleec, redundancy, 20, sat, 0.07205009460449219
../test_files_z3/ASPEN/aspen-corrected.sleec, redundancy, 21, sat, 0.03924560546875
../test_files_z3/ASPEN/aspen-corrected.sleec, redundancy, 22, sat, 0.06781935691833496
../test_files_z3/ASPEN/aspen-corrected.sleec, redundancy, 23, sat, 0.2080368995666504
../test_files_z3/ASPEN/aspen-corrected.sleec, redundancy, 24, sat, 0.24962759017944336
../test_files_z3/ASPEN/aspen-corrected.sleec, conflict, 0, sat, 0.08783078193664551
../test_files_z3/ASPEN/aspen-corrected.sleec, conflict, 1, sat, 0.08551955223083496
../test_files_z3/ASPEN/aspen-corrected.sleec, conflict, 2, sat, 0.03843951225280762
../test_files_z3/ASPEN/aspen-corrected.sleec, conflict, 3, sat, 0.06183362007141113
../test_files_z3/ASPEN/aspen-corrected.sleec, conflict, 4, sat, 0.08806800842285156
../test_files_z3/ASPEN/aspen-corrected.sleec, conflict, 5, sat, 0.2621748447418213
../test_files_z3/ASPEN/aspen-corrected.sleec, conflict, 6, sat, 0.07545590400695801
../test_files_z3/ASPEN/aspen-corrected.sleec, conflict, 7, sat, 0.2696869373321533
../test_files_z3/ASPEN/aspen-corrected.sleec, conflict, 8, sat, 0.08304357528686523
../test_files_z3/ASPEN/aspen-corrected.sleec, conflict, 9, sat, 0.08492231369018555
../test_files_z3/ASPEN/aspen-corrected.sleec, conflict, 10, sat, 0.2862820625305176
../test_files_z3/ASPEN/aspen-corrected.sleec, conflict, 11, sat, 0.28104686737060547
../test_files_z3/ASPEN/aspen-corrected.sleec, conflict, 12, sat, 0.2537345886230469
../test_files_z3/ASPEN/aspen-corrected.sleec, conflict, 13, sat, 0.16149258613586426
../test_files_z3/ASPEN/aspen-corrected.sleec, conflict, 14, sat, 0.08810091018676758
../test_files_z3/ASPEN/aspen-corrected.sleec, conflict, 15, sat, 0.08798718452453613
../test_files_z3/ASPEN/aspen-corrected.sleec, conflict, 16, sat, 0.0940389633178711
../test_files_z3/ASPEN/aspen-corrected.sleec, conflict, 17, sat, 0.06016397476196289
../test_files_z3/ASPEN/aspen-corrected.sleec, conflict, 18, sat, 0.49398255348205566
../test_files_z3/ASPEN/aspen-corrected.sleec, conflict, 19, sat, 0.05927681922912598
../test_files_z3/ASPEN/aspen-corrected.sleec, conflict, 20, sat, 0.059285640716552734
../test_files_z3/ASPEN/aspen-corrected.sleec, conflict, 21, sat, 0.14647817611694336
../test_files_z3/ASPEN/aspen-corrected.sleec, conflict, 22, sat, 0.12307572364807129
../test_files_z3/ASPEN/aspen-corrected.sleec, conflict, 23, sat, 0.44047069549560547
../test_files_z3/ASPEN/aspen-corrected.sleec, conflict, 24, sat, 0.29257822036743164
../test_files_z3/ALMI/ALMI.sleec, redundancy, 0, sat, 0.05069375038146973
../test_files_z3/ALMI/ALMI.sleec, redundancy, 1, sat, 0.14092230796813965
../test_files_z3/ALMI/ALMI.sleec, redundancy, 2, sat, 0.20226311683654785
../test_files_z3/ALMI/ALMI.sleec, redundancy, 3, sat, 0.14265966415405273
../test_files_z3/ALMI/ALMI.sleec, redundancy, 4, sat, 0.06348347663879395
../test_files_z3/ALMI/ALMI.sleec, redundancy, 5, sat, 0.04516315460205078
../test_files_z3/ALMI/ALMI.sleec, redundancy, 6, sat, 0.09162497520446777
../test_files_z3/ALMI/ALMI.sleec, redundancy, 7, sat, 0.043326377868652344
../test_files_z3/ALMI/ALMI.sleec, redundancy, 8, sat, 0.043503761291503906
../test_files_z3/ALMI/ALMI.sleec, redundancy, 9, sat, 0.07358074188232422
../test_files_z3/ALMI/ALMI.sleec, redundancy, 10, sat, 0.0451807975769043
../test_files_z3/ALMI/ALMI.sleec, redundancy, 11, sat, 0.06005096435546875
../test_files_z3/ALMI/ALMI.sleec, redundancy, 12, sat, 0.04486536979675293
../test_files_z3/ALMI/ALMI.sleec, redundancy, 13, sat, 0.10344123840332031
../test_files_z3/ALMI/ALMI.sleec, redundancy, 14, sat, 0.23169398307800293
../test_files_z3/ALMI/ALMI.sleec, redundancy, 15, sat, 0.042822837829589844
../test_files_z3/ALMI/ALMI.sleec, redundancy, 16, sat, 0.07457685470581055
../test_files_z3/ALMI/ALMI.sleec, redundancy, 17, sat, 0.07713890075683594
../test_files_z3/ALMI/ALMI.sleec, redundancy, 18, sat, 0.28091955184936523
../test_files_z3/ALMI/ALMI.sleec, redundancy, 19, sat, 0.042726755142211914
../test_files_z3/ALMI/ALMI.sleec, redundancy, 20, sat, 0.08034157752990723
../test_files_z3/ALMI/ALMI.sleec, redundancy, 21, sat, 0.19781255722045898
../test_files_z3/ALMI/ALMI.sleec, redundancy, 22, sat, 0.07413005828857422
../test_files_z3/ALMI/ALMI.sleec, redundancy, 23, sat, 0.09086227416992188
../test_files_z3/ALMI/ALMI.sleec, redundancy, 24, sat, 0.07559490203857422
../test_files_z3/ALMI/ALMI.sleec, redundancy, 25, sat, 0.08056259155273438
../test_files_z3/ALMI/ALMI.sleec, redundancy, 26, sat, 0.044823408126831055
../test_files_z3/ALMI/ALMI.sleec, redundancy, 27, sat, 0.04272580146789551
../test_files_z3/ALMI/ALMI.sleec, redundancy, 28, sat, 0.04308199882507324
../test_files_z3/ALMI/ALMI.sleec, redundancy, 29, sat, 0.10152745246887207
../test_files_z3/ALMI/ALMI.sleec, redundancy, 30, sat, 0.11018061637878418
../test_files_z3/ALMI/ALMI.sleec, redundancy, 31, sat, 0.11039566993713379
../test_files_z3/ALMI/ALMI.sleec, redundancy, 32, sat, 0.10861325263977051
../test_files_z3/ALMI/ALMI.sleec, conflict, 0, sat, 0.07321000099182129
../test_files_z3/ALMI/ALMI.sleec, conflict, 1, sat, 0.32700538635253906
../test_files_z3/ALMI/ALMI.sleec, conflict, 2, sat, 0.2336442470550537
../test_files_z3/ALMI/ALMI.sleec, conflict, 3, sat, 0.23847055435180664
../test_files_z3/ALMI/ALMI.sleec, conflict, 4, sat, 0.04374289512634277
../test_files_z3/ALMI/ALMI.sleec, conflict, 5, sat, 0.059311866760253906
../test_files_z3/ALMI/ALMI.sleec, conflict, 6, sat, 0.12755203247070312
../test_files_z3/ALMI/ALMI.sleec, conflict, 7, sat, 0.13413143157958984
../test_files_z3/ALMI/ALMI.sleec, conflict, 8, sat, 0.07050585746765137
../test_files_z3/ALMI/ALMI.sleec, conflict, 9, sat, 0.125413179397583
../test_files_z3/ALMI/ALMI.sleec, conflict, 10, sat, 0.06992959976196289
../test_files_z3/ALMI/ALMI.sleec, conflict, 11, sat, 0.19371294975280762
../test_files_z3/ALMI/ALMI.sleec, conflict, 12, sat, 0.12340092658996582
../test_files_z3/ALMI/ALMI.sleec, conflict, 13, sat, 0.1647953987121582
../test_files_z3/ALMI/ALMI.sleec, conflict, 14, sat, 0.27843737602233887
../test_files_z3/ALMI/ALMI.sleec, conflict, 15, sat, 0.1223442554473877
../test_files_z3/ALMI/ALMI.sleec, conflict, 16, sat, 0.1452808380126953
../test_files_z3/ALMI/ALMI.sleec, conflict, 17, sat, 0.0723869800567627
../test_files_z3/ALMI/ALMI.sleec, conflict, 18, sat, 0.2710254192352295
../test_files_z3/ALMI/ALMI.sleec, conflict, 19, sat, 0.10692143440246582
../test_files_z3/ALMI/ALMI.sleec, conflict, 20, sat, 0.04262876510620117
../test_files_z3/ALMI/ALMI.sleec, conflict, 21, sat, 0.27282094955444336
../test_files_z3/ALMI/ALMI.sleec, conflict, 22, sat, 0.10081267356872559
../test_files_z3/ALMI/ALMI.sleec, conflict, 23, sat, 0.1059105396270752
../test_files_z3/ALMI/ALMI.sleec, conflict, 24, sat, 0.1604900360107422
../test_files_z3/ALMI/ALMI.sleec, conflict, 25, sat, 0.12454342842102051
../test_files_z3/ALMI/ALMI.sleec, conflict, 26, sat, 0.0752415657043457
../test_files_z3/ALMI/ALMI.sleec, conflict, 27, sat, 0.0720970630645752
../test_files_z3/ALMI/ALMI.sleec, conflict, 28, sat, 0.07461977005004883
../test_files_z3/ALMI/ALMI.sleec, conflict, 29, sat, 0.07817792892456055
../test_files_z3/ALMI/ALMI.sleec, conflict, 30, sat, 0.1554253101348877
../test_files_z3/ALMI/ALMI.sleec, conflict, 31, sat, 0.14851999282836914
../test_files_z3/ALMI/ALMI.sleec, conflict, 32, sat, 0.146315336227417
../test_files_z3/ALMI/ALMI-Corrected.sleec, redundancy, 0, sat, 0.05123257637023926
../test_files_z3/ALMI/ALMI-Corrected.sleec, redundancy, 1, sat, 0.14171528816223145
../test_files_z3/ALMI/ALMI-Corrected.sleec, redundancy, 2, sat, 0.1898961067199707
../test_files_z3/ALMI/ALMI-Corrected.sleec, redundancy, 3, sat, 0.11133384704589844
../test_files_z3/ALMI/ALMI-Corrected.sleec, redundancy, 4, sat, 0.05924534797668457
../test_files_z3/ALMI/ALMI-Corrected.sleec, redundancy, 5, sat, 0.11091041564941406
../test_files_z3/ALMI/ALMI-Corrected.sleec, redundancy, 6, sat, 0.0751338005065918
../test_files_z3/ALMI/ALMI-Corrected.sleec, redundancy, 7, sat, 0.044187068939208984
../test_files_z3/ALMI/ALMI-Corrected.sleec, redundancy, 8, sat, 0.10103917121887207
../test_files_z3/ALMI/ALMI-Corrected.sleec, redundancy, 9, sat, 0.04590249061584473
../test_files_z3/ALMI/ALMI-Corrected.sleec, redundancy, 10, sat, 0.06176400184631348
../test_files_z3/ALMI/ALMI-Corrected.sleec, redundancy, 11, sat, 0.07530975341796875
../test_files_z3/ALMI/ALMI-Corrected.sleec, redundancy, 12, sat, 0.04284405708312988
../test_files_z3/ALMI/ALMI-Corrected.sleec, redundancy, 13, sat, 0.042749881744384766
../test_files_z3/ALMI/ALMI-Corrected.sleec, redundancy, 14, sat, 0.046953678131103516
../test_files_z3/ALMI/ALMI-Corrected.sleec, redundancy, 15, sat, 0.10425186157226562
../test_files_z3/ALMI/ALMI-Corrected.sleec, redundancy, 16, sat, 0.2686038017272949
../test_files_z3/ALMI/ALMI-Corrected.sleec, redundancy, 17, sat, 0.043309926986694336
../test_files_z3/ALMI/ALMI-Corrected.sleec, redundancy, 18, sat, 0.07264590263366699
../test_files_z3/ALMI/ALMI-Corrected.sleec, redundancy, 19, sat, 0.04487323760986328
../test_files_z3/ALMI/ALMI-Corrected.sleec, redundancy, 20, sat, 0.29546070098876953
../test_files_z3/ALMI/ALMI-Corrected.sleec, redundancy, 21, sat, 0.04680466651916504
../test_files_z3/ALMI/ALMI-Corrected.sleec, redundancy, 22, sat, 0.04608488082885742
../test_files_z3/ALMI/ALMI-Corrected.sleec, redundancy, 23, sat, 0.24688076972961426
../test_files_z3/ALMI/ALMI-Corrected.sleec, redundancy, 24, sat, 0.07469344139099121
../test_files_z3/ALMI/ALMI-Corrected.sleec, redundancy, 25, sat, 0.04538297653198242
../test_files_z3/ALMI/ALMI-Corrected.sleec, redundancy, 26, sat, 0.07409381866455078
../test_files_z3/ALMI/ALMI-Corrected.sleec, redundancy, 27, sat, 0.12911534309387207
../test_files_z3/ALMI/ALMI-Corrected.sleec, redundancy, 28, sat, 0.04905581474304199
../test_files_z3/ALMI/ALMI-Corrected.sleec, redundancy, 29, sat, 0.04366254806518555
../test_files_z3/ALMI/ALMI-Corrected.sleec, redundancy, 30, sat, 0.04871320724487305
../test_files_z3/ALMI/ALMI-Corrected.sleec, redundancy, 31, unsat, 0.12723922729492188
../test_files_z3/ALMI/ALMI-Corrected.sleec, redundancy, 32, sat, 0.13982939720153809
../test_files_z3/ALMI/ALMI-Corrected.sleec, redundancy, 33, sat, 0.12177085876464844
../test_files_z3/ALMI/ALMI-Corrected.sleec, redundancy, 34, sat, 0.11211013793945312
../test_files_z3/ALMI/ALMI-Corrected.sleec, redundancy, 35, sat, 0.11118817329406738
../test_files_z3/ALMI/ALMI-Corrected.sleec, conflict, 0, sat, 0.07498431205749512
../test_files_z3/ALMI/ALMI-Corrected.sleec, conflict, 1, sat, 0.3319535255432129
../test_files_z3/ALMI/ALMI-Corrected.sleec, conflict, 2, sat, 0.25717782974243164
../test_files_z3/ALMI/ALMI-Corrected.sleec, conflict, 3, sat, 0.2246239185333252
../test_files_z3/ALMI/ALMI-Corrected.sleec, conflict, 4, sat, 0.09443163871765137
../test_files_z3/ALMI/ALMI-Corrected.sleec, conflict, 5, sat, 0.16436505317687988
../test_files_z3/ALMI/ALMI-Corrected.sleec, conflict, 6, sat, 0.16205286979675293
../test_files_z3/ALMI/ALMI-Corrected.sleec, conflict, 7, sat, 0.0473484992980957
../test_files_z3/ALMI/ALMI-Corrected.sleec, conflict, 8, sat, 0.15279674530029297
../test_files_z3/ALMI/ALMI-Corrected.sleec, conflict, 9, sat, 0.133683443069458
../test_files_z3/ALMI/ALMI-Corrected.sleec, conflict, 10, sat, 0.06993627548217773
../test_files_z3/ALMI/ALMI-Corrected.sleec, conflict, 11, sat, 0.1332395076751709
../test_files_z3/ALMI/ALMI-Corrected.sleec, conflict, 12, sat, 0.10856175422668457
../test_files_z3/ALMI/ALMI-Corrected.sleec, conflict, 13, sat, 0.19777297973632812
../test_files_z3/ALMI/ALMI-Corrected.sleec, conflict, 14, sat, 0.12559771537780762
../test_files_z3/ALMI/ALMI-Corrected.sleec, conflict, 15, sat, 0.17679452896118164
../test_files_z3/ALMI/ALMI-Corrected.sleec, conflict, 16, sat, 0.2713584899902344
../test_files_z3/ALMI/ALMI-Corrected.sleec, conflict, 17, sat, 0.0811312198638916
../test_files_z3/ALMI/ALMI-Corrected.sleec, conflict, 18, sat, 0.14135074615478516
../test_files_z3/ALMI/ALMI-Corrected.sleec, conflict, 19, sat, 0.07245421409606934
../test_files_z3/ALMI/ALMI-Corrected.sleec, conflict, 20, sat, 0.2755115032196045
../test_files_z3/ALMI/ALMI-Corrected.sleec, conflict, 21, sat, 0.10916519165039062
../test_files_z3/ALMI/ALMI-Corrected.sleec, conflict, 22, sat, 0.044901132583618164
../test_files_z3/ALMI/ALMI-Corrected.sleec, conflict, 23, sat, 0.27136850357055664
../test_files_z3/ALMI/ALMI-Corrected.sleec, conflict, 24, sat, 0.1644909381866455
../test_files_z3/ALMI/ALMI-Corrected.sleec, conflict, 25, sat, 0.10440969467163086
../test_files_z3/ALMI/ALMI-Corrected.sleec, conflict, 26, sat, 0.11230897903442383
../test_files_z3/ALMI/ALMI-Corrected.sleec, conflict, 27, sat, 0.10731697082519531
../test_files_z3/ALMI/ALMI-Corrected.sleec, conflict, 28, sat, 0.07477140426635742
../test_files_z3/ALMI/ALMI-Corrected.sleec, conflict, 29, sat, 0.14980816841125488
../test_files_z3/ALMI/ALMI-Corrected.sleec, conflict, 30, sat, 0.08218598365783691
../test_files_z3/ALMI/ALMI-Corrected.sleec, conflict, 31, sat, 0.07996916770935059
../test_files_z3/ALMI/ALMI-Corrected.sleec, conflict, 32, sat, 0.08266282081604004
../test_files_z3/ALMI/ALMI-Corrected.sleec, conflict, 33, sat, 0.15404534339904785
../test_files_z3/ALMI/ALMI-Corrected.sleec, conflict, 34, sat, 0.23182153701782227
../test_files_z3/ALMI/ALMI-Corrected.sleec, conflict, 35, sat, 0.15278124809265137
../test_files_z3/CSI/CSI.sleec, redundancy, 0, sat, 0.1445786952972412
../test_files_z3/CSI/CSI.sleec, redundancy, 1, sat, 0.1767408847808838
../test_files_z3/CSI/CSI.sleec, redundancy, 2, sat, 0.17118310928344727
../test_files_z3/CSI/CSI.sleec, redundancy, 3, unsat, 0.04062390327453613
../test_files_z3/CSI/CSI.sleec, redundancy, 4, unsat, 0.04003453254699707
../test_files_z3/CSI/CSI.sleec, redundancy, 5, sat, 0.03731417655944824
../test_files_z3/CSI/CSI.sleec, redundancy, 6, sat, 0.039803266525268555
../test_files_z3/CSI/CSI.sleec, redundancy, 7, sat, 0.14964628219604492
../test_files_z3/CSI/CSI.sleec, redundancy, 8, sat, 0.15709614753723145
../test_files_z3/CSI/CSI.sleec, redundancy, 9, sat, 0.2382497787475586
../test_files_z3/CSI/CSI.sleec, redundancy, 10, sat, 0.22850918769836426
../test_files_z3/CSI/CSI.sleec, redundancy, 11, sat, 0.17172646522521973
../test_files_z3/CSI/CSI.sleec, redundancy, 12, sat, 0.22711634635925293
../test_files_z3/CSI/CSI.sleec, redundancy, 13, sat, 0.24608516693115234
../test_files_z3/CSI/CSI.sleec, redundancy, 14, sat, 0.29882121086120605
../test_files_z3/CSI/CSI.sleec, redundancy, 15, sat, 0.13846397399902344
../test_files_z3/CSI/CSI.sleec, redundancy, 16, sat, 0.2838611602783203
../test_files_z3/CSI/CSI.sleec, redundancy, 17, unsat, 0.08642196655273438
../test_files_z3/CSI/CSI.sleec, redundancy, 18, sat, 0.24132370948791504
../test_files_z3/CSI/CSI.sleec, redundancy, 19, sat, 0.2422945499420166
../test_files_z3/CSI/CSI.sleec, conflict, 0, sat, 0.16692471504211426
../test_files_z3/CSI/CSI.sleec, conflict, 1, sat, 0.1926579475402832
../test_files_z3/CSI/CSI.sleec, conflict, 2, sat, 0.18998932838439941
../test_files_z3/CSI/CSI.sleec, conflict, 3, sat, 0.12567663192749023
../test_files_z3/CSI/CSI.sleec, conflict, 4, sat, 0.11135601997375488
../test_files_z3/CSI/CSI.sleec, conflict, 5, sat, 0.0700991153717041
../test_files_z3/CSI/CSI.sleec, conflict, 6, sat, 0.14714336395263672
../test_files_z3/CSI/CSI.sleec, conflict, 7, sat, 0.17542004585266113
../test_files_z3/CSI/CSI.sleec, conflict, 8, sat, 0.1689589023590088
../test_files_z3/CSI/CSI.sleec, conflict, 9, sat, 0.24450278282165527
../test_files_z3/CSI/CSI.sleec, conflict, 10, sat, 0.4117312431335449
../test_files_z3/CSI/CSI.sleec, conflict, 11, sat, 0.37290501594543457
../test_files_z3/CSI/CSI.sleec, conflict, 12, sat, 0.280590295791626
../test_files_z3/CSI/CSI.sleec, conflict, 13, sat, 0.33681750297546387
../test_files_z3/CSI/CSI.sleec, conflict, 14, sat, 0.2449665069580078
../test_files_z3/CSI/CSI.sleec, conflict, 15, sat, 0.1782073974609375
../test_files_z3/CSI/CSI.sleec, conflict, 16, sat, 0.29449987411499023
../test_files_z3/CSI/CSI.sleec, conflict, 17, sat, 0.38687968254089355
../test_files_z3/CSI/CSI.sleec, conflict, 18, sat, 0.28049373626708984
../test_files_z3/CSI/CSI.sleec, conflict, 19, sat, 0.335723876953125
../test_files_z3/CSI/CSI-corrected.sleec, redundancy, 0, sat, 0.1625208854675293
../test_files_z3/CSI/CSI-corrected.sleec, redundancy, 1, sat, 0.1990678310394287
../test_files_z3/CSI/CSI-corrected.sleec, redundancy, 2, sat, 0.18469524383544922
../test_files_z3/CSI/CSI-corrected.sleec, redundancy, 3, sat, 0.19664430618286133
../test_files_z3/CSI/CSI-corrected.sleec, redundancy, 4, sat, 0.03985285758972168
../test_files_z3/CSI/CSI-corrected.sleec, redundancy, 5, sat, 0.03351926803588867
../test_files_z3/CSI/CSI-corrected.sleec, redundancy, 6, sat, 0.03722214698791504
../test_files_z3/CSI/CSI-corrected.sleec, redundancy, 7, sat, 0.25693249702453613
../test_files_z3/CSI/CSI-corrected.sleec, redundancy, 8, sat, 0.18541526794433594
../test_files_z3/CSI/CSI-corrected.sleec, redundancy, 9, sat, 0.24274349212646484
../test_files_z3/CSI/CSI-corrected.sleec, redundancy, 10, sat, 0.21408438682556152
../test_files_z3/CSI/CSI-corrected.sleec, redundancy, 11, sat, 0.16941165924072266
../test_files_z3/CSI/CSI-corrected.sleec, redundancy, 12, sat, 0.3733785152435303
../test_files_z3/CSI/CSI-corrected.sleec, redundancy, 13, sat, 0.3766365051269531
../test_files_z3/CSI/CSI-corrected.sleec, redundancy, 14, sat, 0.20514726638793945
../test_files_z3/CSI/CSI-corrected.sleec, redundancy, 15, sat, 0.34671592712402344
../test_files_z3/CSI/CSI-corrected.sleec, redundancy, 16, sat, 0.5329363346099854
../test_files_z3/CSI/CSI-corrected.sleec, redundancy, 17, sat, 0.23971867561340332
../test_files_z3/CSI/CSI-corrected.sleec, redundancy, 18, sat, 0.5094313621520996
../test_files_z3/CSI/CSI-corrected.sleec, redundancy, 19, sat, 0.45577454566955566
../test_files_z3/CSI/CSI-corrected.sleec, redundancy, 20, sat, 0.09029126167297363
../test_files_z3/CSI/CSI-corrected.sleec, redundancy, 21, sat, 0.061095476150512695
../test_files_z3/CSI/CSI-corrected.sleec, redundancy, 22, sat, 0.06037783622741699
../test_files_z3/CSI/CSI-corrected.sleec, redundancy, 23, sat, 0.28078126907348633
../test_files_z3/CSI/CSI-corrected.sleec, redundancy, 24, sat, 0.0873723030090332
../test_files_z3/CSI/CSI-corrected.sleec, redundancy, 25, sat, 0.034758567810058594
../test_files_z3/CSI/CSI-corrected.sleec, conflict, 0, sat, 0.2053992748260498
../test_files_z3/CSI/CSI-corrected.sleec, conflict, 1, sat, 0.22010040283203125
../test_files_z3/CSI/CSI-corrected.sleec, conflict, 2, sat, 0.22210192680358887
../test_files_z3/CSI/CSI-corrected.sleec, conflict, 3, sat, 0.20316290855407715
../test_files_z3/CSI/CSI-corrected.sleec, conflict, 4, sat, 0.1985313892364502
../test_files_z3/CSI/CSI-corrected.sleec, conflict, 5, sat, 0.05487465858459473
../test_files_z3/CSI/CSI-corrected.sleec, conflict, 6, sat, 0.07795357704162598
../test_files_z3/CSI/CSI-corrected.sleec, conflict, 7, sat, 0.3236556053161621
../test_files_z3/CSI/CSI-corrected.sleec, conflict, 8, sat, 0.20059585571289062
../test_files_z3/CSI/CSI-corrected.sleec, conflict, 9, sat, 0.24761295318603516
../test_files_z3/CSI/CSI-corrected.sleec, conflict, 10, sat, 0.2724454402923584
../test_files_z3/CSI/CSI-corrected.sleec, conflict, 11, sat, 0.3689301013946533
../test_files_z3/CSI/CSI-corrected.sleec, conflict, 12, sat, 0.28869080543518066
../test_files_z3/CSI/CSI-corrected.sleec, conflict, 13, sat, 0.33962535858154297
../test_files_z3/CSI/CSI-corrected.sleec, conflict, 14, sat, 0.3445768356323242
../test_files_z3/CSI/CSI-corrected.sleec, conflict, 15, sat, 0.3529629707336426
../test_files_z3/CSI/CSI-corrected.sleec, conflict, 16, sat, 0.29965710639953613
../test_files_z3/CSI/CSI-corrected.sleec, conflict, 17, sat, 0.502643346786499
../test_files_z3/CSI/CSI-corrected.sleec, conflict, 18, sat, 0.602717399597168
../test_files_z3/CSI/CSI-corrected.sleec, conflict, 19, sat, 0.3300313949584961
../test_files_z3/CSI/CSI-corrected.sleec, conflict, 20, sat, 0.162520170211792
../test_files_z3/CSI/CSI-corrected.sleec, conflict, 21, sat, 0.08821964263916016
../test_files_z3/CSI/CSI-corrected.sleec, conflict, 22, sat, 0.08721542358398438
../test_files_z3/CSI/CSI-corrected.sleec, conflict, 23, sat, 0.03499865531921387
../test_files_z3/CSI/CSI-corrected.sleec, conflict, 24, sat, 0.17766451835632324
../test_files_z3/CSI/CSI-corrected.sleec, conflict, 25, sat, 0.1212010383605957
../test_files_z3/Autocar/Autocar-corrected.sleec, redundancy, 0, sat, 0.04646921157836914
../test_files_z3/Autocar/Autocar-corrected.sleec, redundancy, 1, unsat, 0.09182453155517578
../test_files_z3/Autocar/Autocar-corrected.sleec, redundancy, 2, sat, 0.12103390693664551
../test_files_z3/Autocar/Autocar-corrected.sleec, redundancy, 3, sat, 0.046942949295043945
../test_files_z3/Autocar/Autocar-corrected.sleec, redundancy, 4, sat, 0.3383002281188965
../test_files_z3/Autocar/Autocar-corrected.sleec, redundancy, 5, sat, 0.046021223068237305
../test_files_z3/Autocar/Autocar-corrected.sleec, redundancy, 6, sat, 0.06454038619995117
../test_files_z3/Autocar/Autocar-corrected.sleec, redundancy, 7, sat, 0.0437467098236084
../test_files_z3/Autocar/Autocar-corrected.sleec, redundancy, 8, sat, 0.047098398208618164
../test_files_z3/Autocar/Autocar-corrected.sleec, redundancy, 9, sat, 0.049263954162597656
../test_files_z3/Autocar/Autocar-corrected.sleec, redundancy, 10, sat, 0.0516209602355957
../test_files_z3/Autocar/Autocar-corrected.sleec, redundancy, 11, sat, 0.07899594306945801
../test_files_z3/Autocar/Autocar-corrected.sleec, redundancy, 12, sat, 0.05126643180847168
../test_files_z3/Autocar/Autocar-corrected.sleec, redundancy, 13, sat, 0.07051968574523926
../test_files_z3/Autocar/Autocar-corrected.sleec, redundancy, 14, sat, 0.07624125480651855
../test_files_z3/Autocar/Autocar-corrected.sleec, redundancy, 15, sat, 0.050855159759521484
../test_files_z3/Autocar/Autocar-corrected.sleec, redundancy, 16, sat, 0.0799093246459961
../test_files_z3/Autocar/Autocar-corrected.sleec, redundancy, 17, sat, 0.08559131622314453
../test_files_z3/Autocar/Autocar-corrected.sleec, redundancy, 18, sat, 0.05294919013977051
../test_files_z3/Autocar/Autocar-corrected.sleec, redundancy, 19, sat, 0.049657583236694336
../test_files_z3/Autocar/Autocar-corrected.sleec, redundancy, 20, sat, 0.04928708076477051
../test_files_z3/Autocar/Autocar-corrected.sleec, redundancy, 21, sat, 0.04561567306518555
../test_files_z3/Autocar/Autocar-corrected.sleec, redundancy, 22, sat, 0.4237544536590576
../test_files_z3/Autocar/Autocar-corrected.sleec, redundancy, 23, sat, 0.43708372116088867
../test_files_z3/Autocar/Autocar-corrected.sleec, redundancy, 24, sat, 0.5081813335418701
../test_files_z3/Autocar/Autocar-corrected.sleec, redundancy, 25, sat, 0.046004533767700195
../test_files_z3/Autocar/Autocar-corrected.sleec, redundancy, 26, sat, 0.043424367904663086
../test_files_z3/Autocar/Autocar-corrected.sleec, redundancy, 27, unsat, 0.4681828022003174
../test_files_z3/Autocar/Autocar-corrected.sleec, redundancy, 28, sat, 0.6219868659973145
../test_files_z3/Autocar/Autocar-corrected.sleec, redundancy, 29, unsat, 0.04517340660095215
../test_files_z3/Autocar/Autocar-corrected.sleec, redundancy, 30, sat, 0.08019709587097168
../test_files_z3/Autocar/Autocar-corrected.sleec, redundancy, 31, unsat, 0.7302048206329346
../test_files_z3/Autocar/Autocar-corrected.sleec, redundancy, 32, sat, 0.43591904640197754
../test_files_z3/Autocar/Autocar-corrected.sleec, redundancy, 33, unsat, 0.19412493705749512
../test_files_z3/Autocar/Autocar-corrected.sleec, redundancy, 34, unsat, 0.30352783203125
../test_files_z3/Autocar/Autocar-corrected.sleec, redundancy, 35, sat, 0.08057928085327148
../test_files_z3/Autocar/Autocar-corrected.sleec, redundancy, 36, unsat, 0.6156501770019531
../test_files_z3/Autocar/Autocar-corrected.sleec, redundancy, 37, sat, 0.05201220512390137
../test_files_z3/Autocar/Autocar-corrected.sleec, redundancy, 38, sat, 0.17290472984313965
../test_files_z3/Autocar/Autocar-corrected.sleec, redundancy, 39, unsat, 0.19350838661193848
../test_files_z3/Autocar/Autocar-corrected.sleec, redundancy, 40, sat, 0.049562931060791016
../test_files_z3/Autocar/Autocar-corrected.sleec, redundancy, 41, sat, 0.047402381896972656
../test_files_z3/Autocar/Autocar-corrected.sleec, redundancy, 42, sat, 0.045972585678100586
../test_files_z3/Autocar/Autocar-corrected.sleec, redundancy, 43, sat, 0.04636406898498535
../test_files_z3/Autocar/Autocar-corrected.sleec, redundancy, 44, sat, 0.05425524711608887
../test_files_z3/Autocar/Autocar-corrected.sleec, redundancy, 45, sat, 0.047698259353637695
../test_files_z3/Autocar/Autocar-corrected.sleec, conflict, 0, sat, 0.13771271705627441
../test_files_z3/Autocar/Autocar-corrected.sleec, conflict, 1, sat, 0.12789487838745117
../test_files_z3/Autocar/Autocar-corrected.sleec, conflict, 2, sat, 0.1470484733581543
../test_files_z3/Autocar/Autocar-corrected.sleec, conflict, 3, sat, 0.08815646171569824
../test_files_z3/Autocar/Autocar-corrected.sleec, conflict, 4, sat, 0.6445598602294922
../test_files_z3/Autocar/Autocar-corrected.sleec, conflict, 5, sat, 0.17661213874816895
../test_files_z3/Autocar/Autocar-corrected.sleec, conflict, 6, sat, 0.07207012176513672
../test_files_z3/Autocar/Autocar-corrected.sleec, conflict, 7, sat, 0.0727086067199707
../test_files_z3/Autocar/Autocar-corrected.sleec, conflict, 8, sat, 0.046684980392456055
../test_files_z3/Autocar/Autocar-corrected.sleec, conflict, 9, sat, 0.08192038536071777
../test_files_z3/Autocar/Autocar-corrected.sleec, conflict, 10, sat, 0.2840690612792969
../test_files_z3/Autocar/Autocar-corrected.sleec, conflict, 11, sat, 0.3204538822174072
../test_files_z3/Autocar/Autocar-corrected.sleec, conflict, 12, sat, 0.3093740940093994
../test_files_z3/Autocar/Autocar-corrected.sleec, conflict, 13, sat, 0.10669922828674316
../test_files_z3/Autocar/Autocar-corrected.sleec, conflict, 14, sat, 0.11156964302062988
../test_files_z3/Autocar/Autocar-corrected.sleec, conflict, 15, sat, 0.07765507698059082
../test_files_z3/Autocar/Autocar-corrected.sleec, conflict, 16, sat, 0.10325121879577637
../test_files_z3/Autocar/Autocar-corrected.sleec, conflict, 17, sat, 0.23064661026000977
../test_files_z3/Autocar/Autocar-corrected.sleec, conflict, 18, sat, 0.23782873153686523
../test_files_z3/Autocar/Autocar-corrected.sleec, conflict, 19, sat, 0.2373189926147461
../test_files_z3/Autocar/Autocar-corrected.sleec, conflict, 20, sat, 0.23072123527526855
../test_files_z3/Autocar/Autocar-corrected.sleec, conflict, 21, sat, 0.08810710906982422
../test_files_z3/Autocar/Autocar-corrected.sleec, conflict, 22, sat, 0.541196346282959
../test_files_z3/Autocar/Autocar-corrected.sleec, conflict, 23, sat, 0.7524609565734863
../test_files_z3/Autocar/Autocar-corrected.sleec, conflict, 24, sat, 0.6880395412445068
../test_files_z3/Autocar/Autocar-corrected.sleec, conflict, 25, sat, 0.14881515502929688
../test_files_z3/Autocar/Autocar-corrected.sleec, conflict, 26, sat, 0.07938480377197266
../test_files_z3/Autocar/Autocar-corrected.sleec, conflict, 27, sat, 0.9751298427581787
../test_files_z3/Autocar/Autocar-corrected.sleec, conflict, 28, sat, 0.5878417491912842
../test_files_z3/Autocar/Autocar-corrected.sleec, conflict, 29, sat, 0.11031174659729004
../test_files_z3/Autocar/Autocar-corrected.sleec, conflict, 30, sat, 0.19719433784484863
../test_files_z3/Autocar/Autocar-corrected.sleec, conflict, 31, sat, 0.5874967575073242
../test_files_z3/Autocar/Autocar-corrected.sleec, conflict, 32, sat, 0.8890104293823242
../test_files_z3/Autocar/Autocar-corrected.sleec, conflict, 33, sat, 0.05517697334289551
../test_files_z3/Autocar/Autocar-corrected.sleec, conflict, 34, sat, 0.13292765617370605
../test_files_z3/Autocar/Autocar-corrected.sleec, conflict, 35, sat, 0.08302021026611328
../test_files_z3/Autocar/Autocar-corrected.sleec, conflict, 36, sat, 0.7550010681152344
../test_files_z3/Autocar/Autocar-corrected.sleec, conflict, 37, sat, 0.05092144012451172
../test_files_z3/Autocar/Autocar-corrected.sleec, conflict, 38, sat, 0.048037052154541016
../test_files_z3/Autocar/Autocar-corrected.sleec, conflict, 39, sat, 0.05120444297790527
../test_files_z3/Autocar/Autocar-corrected.sleec, conflict, 40, sat, 0.04677152633666992
../test_files_z3/Autocar/Autocar-corrected.sleec, conflict, 41, sat, 0.04699087142944336
../test_files_z3/Autocar/Autocar-corrected.sleec, conflict, 42, sat, 0.05071306228637695
../test_files_z3/Autocar/Autocar-corrected.sleec, conflict, 43, sat, 0.04548192024230957
../test_files_z3/Autocar/Autocar-corrected.sleec, conflict, 44, sat, 0.04478859901428223
../test_files_z3/Autocar/Autocar-corrected.sleec, conflict, 45, sat, 0.04501843452453613
../test_files_z3/Autocar/Autocar.sleec, redundancy, 0, sat, 0.04574441909790039
../test_files_z3/Autocar/Autocar.sleec, redundancy, 1, sat, 0.03930354118347168
../test_files_z3/Autocar/Autocar.sleec, redundancy, 2, sat, 0.11448311805725098
../test_files_z3/Autocar/Autocar.sleec, redundancy, 3, sat, 0.04877758026123047
../test_files_z3/Autocar/Autocar.sleec, redundancy, 4, sat, 0.060502052307128906
../test_files_z3/Autocar/Autocar.sleec, redundancy, 5, sat, 0.04204297065734863
../test_files_z3/Autocar/Autocar.sleec, redundancy, 6, sat, 0.060364723205566406
../test_files_z3/Autocar/Autocar.sleec, redundancy, 7, sat, 0.04131507873535156
../test_files_z3/Autocar/Autocar.sleec, redundancy, 8, sat, 0.045500993728637695
../test_files_z3/Autocar/Autocar.sleec, redundancy, 9, sat, 0.04733014106750488
../test_files_z3/Autocar/Autocar.sleec, redundancy, 10, sat, 0.04606199264526367
../test_files_z3/Autocar/Autocar.sleec, redundancy, 11, sat, 0.10357499122619629
../test_files_z3/Autocar/Autocar.sleec, redundancy, 12, sat, 0.041188955307006836
../test_files_z3/Autocar/Autocar.sleec, redundancy, 13, sat, 0.041823625564575195
../test_files_z3/Autocar/Autocar.sleec, redundancy, 14, sat, 0.09410333633422852
../test_files_z3/Autocar/Autocar.sleec, redundancy, 15, sat, 0.04557919502258301
../test_files_z3/Autocar/Autocar.sleec, redundancy, 16, sat, 0.04687952995300293
../test_files_z3/Autocar/Autocar.sleec, redundancy, 17, sat, 0.07320356369018555
../test_files_z3/Autocar/Autocar.sleec, redundancy, 18, sat, 0.045453548431396484
../test_files_z3/Autocar/Autocar.sleec, redundancy, 19, sat, 0.0420382022857666
../test_files_z3/Autocar/Autocar.sleec, redundancy, 20, sat, 0.14435267448425293
../test_files_z3/Autocar/Autocar.sleec, redundancy, 21, sat, 0.043389081954956055
../test_files_z3/Autocar/Autocar.sleec, redundancy, 22, sat, 0.13931035995483398
../test_files_z3/Autocar/Autocar.sleec, redundancy, 23, sat, 0.07719302177429199
../test_files_z3/Autocar/Autocar.sleec, redundancy, 24, sat, 0.11946439743041992
../test_files_z3/Autocar/Autocar.sleec, redundancy, 25, unsat, 0.27559375762939453
../test_files_z3/Autocar/Autocar.sleec, redundancy, 26, unsat, 0.2867472171783447
../test_files_z3/Autocar/Autocar.sleec, conflict, 0, sat, 0.09512519836425781
../test_files_z3/Autocar/Autocar.sleec, conflict, 1, sat, 0.07518982887268066
../test_files_z3/Autocar/Autocar.sleec, conflict, 2, sat, 0.217238187789917
../test_files_z3/Autocar/Autocar.sleec, conflict, 3, sat, 0.10171008110046387
../test_files_z3/Autocar/Autocar.sleec, conflict, 4, sat, 0.07229971885681152
../test_files_z3/Autocar/Autocar.sleec, conflict, 5, sat, 0.06196308135986328
../test_files_z3/Autocar/Autocar.sleec, conflict, 6, sat, 0.04872632026672363
../test_files_z3/Autocar/Autocar.sleec, conflict, 7, sat, 0.08819341659545898
../test_files_z3/Autocar/Autocar.sleec, conflict, 8, sat, 0.17457199096679688
../test_files_z3/Autocar/Autocar.sleec, conflict, 9, sat, 0.17866182327270508
../test_files_z3/Autocar/Autocar.sleec, conflict, 10, sat, 0.17944765090942383
../test_files_z3/Autocar/Autocar.sleec, conflict, 11, sat, 0.1362628936767578
../test_files_z3/Autocar/Autocar.sleec, conflict, 12, sat, 0.1000208854675293
../test_files_z3/Autocar/Autocar.sleec, conflict, 13, sat, 0.07235574722290039
../test_files_z3/Autocar/Autocar.sleec, conflict, 14, sat, 0.1325550079345703
../test_files_z3/Autocar/Autocar.sleec, conflict, 15, sat, 0.23274803161621094
../test_files_z3/Autocar/Autocar.sleec, conflict, 16, sat, 0.26706719398498535
../test_files_z3/Autocar/Autocar.sleec, conflict, 17, sat, 0.39844250679016113
../test_files_z3/Autocar/Autocar.sleec, conflict, 18, sat, 0.2512643337249756
../test_files_z3/Autocar/Autocar.sleec, conflict, 19, sat, 0.11069416999816895
../test_files_z3/Autocar/Autocar.sleec, conflict, 20, sat, 0.3729066848754883
../test_files_z3/Autocar/Autocar.sleec, conflict, 21, sat, 0.11426806449890137
../test_files_z3/Autocar/Autocar.sleec, conflict, 22, sat, 0.23857355117797852
../test_files_z3/Autocar/Autocar.sleec, conflict, 23, sat, 0.1387488842010498
../test_files_z3/Autocar/Autocar.sleec, conflict, 24, sat, 0.06822967529296875
../test_files_z3/Autocar/Autocar.sleec, conflict, 25, sat, 0.24303770065307617
../test_files_z3/Autocar/Autocar.sleec, conflict, 26, sat, 0.2232072353363037
../test_files_z3/BSN/BSN.sleec, redundancy, 0, sat, 0.04965043067932129
../test_files_z3/BSN/BSN.sleec, redundancy, 1, sat, 0.040232181549072266
../test_files_z3/BSN/BSN.sleec, redundancy, 2, sat, 0.04535388946533203
../test_files_z3/BSN/BSN.sleec, redundancy, 3, sat, 0.04090309143066406
../test_files_z3/BSN/BSN.sleec, redundancy, 4, sat, 0.4149765968322754
../test_files_z3/BSN/BSN.sleec, redundancy, 5, sat, 0.4806666374206543
../test_files_z3/BSN/BSN.sleec, redundancy, 6, sat, 0.3971412181854248
../test_files_z3/BSN/BSN.sleec, redundancy, 7, sat, 0.4571661949157715
../test_files_z3/BSN/BSN.sleec, redundancy, 8, sat, 0.04175543785095215
../test_files_z3/BSN/BSN.sleec, redundancy, 9, sat, 0.13100218772888184
../test_files_z3/BSN/BSN.sleec, redundancy, 10, sat, 0.4576144218444824
../test_files_z3/BSN/BSN.sleec, redundancy, 11, sat, 0.46120429039001465
../test_files_z3/BSN/BSN.sleec, redundancy, 12, sat, 0.4345707893371582
../test_files_z3/BSN/BSN.sleec, redundancy, 13, sat, 0.04033327102661133
../test_files_z3/BSN/BSN.sleec, redundancy, 14, sat, 0.08963942527770996
../test_files_z3/BSN/BSN.sleec, redundancy, 15, sat, 0.19420862197875977
../test_files_z3/BSN/BSN.sleec, redundancy, 16, sat, 0.1988992691040039
../test_files_z3/BSN/BSN.sleec, redundancy, 17, sat, 0.1949779987335205
../test_files_z3/BSN/BSN.sleec, redundancy, 18, sat, 0.07523798942565918
../test_files_z3/BSN/BSN.sleec, redundancy, 19, sat, 0.4257497787475586
../test_files_z3/BSN/BSN.sleec, redundancy, 20, sat, 0.10883331298828125
../test_files_z3/BSN/BSN.sleec, redundancy, 21, sat, 0.04395699501037598
../test_files_z3/BSN/BSN.sleec, redundancy, 22, sat, 0.0404508113861084
../test_files_z3/BSN/BSN.sleec, redundancy, 23, sat, 0.081207275390625
../test_files_z3/BSN/BSN.sleec, redundancy, 24, sat, 0.1072242259979248
../test_files_z3/BSN/BSN.sleec, redundancy, 25, sat, 0.19869160652160645
../test_files_z3/BSN/BSN.sleec, redundancy, 26, sat, 0.19234895706176758
../test_files_z3/BSN/BSN.sleec, redundancy, 27, sat, 0.0535588264465332
../test_files_z3/BSN/BSN.sleec, redundancy, 28, sat, 0.0425257682800293
../test_files_z3/BSN/BSN.sleec, conflict, 0, sat, 0.5656793117523193
../test_files_z3/BSN/BSN.sleec, conflict, 1, sat, 0.0658576488494873
../test_files_z3/BSN/BSN.sleec, conflict, 2, sat, 0.04697561264038086
../test_files_z3/BSN/BSN.sleec, conflict, 3, sat, 0.04683518409729004
../test_files_z3/BSN/BSN.sleec, conflict, 4, sat, 0.5182139873504639
../test_files_z3/BSN/BSN.sleec, conflict, 5, sat, 0.43384671211242676
../test_files_z3/BSN/BSN.sleec, conflict, 6, sat, 0.40613651275634766
../test_files_z3/BSN/BSN.sleec, conflict, 7, sat, 0.49085068702697754
../test_files_z3/BSN/BSN.sleec, conflict, 8, sat, 0.13830947875976562
../test_files_z3/BSN/BSN.sleec, conflict, 9, sat, 0.1351919174194336
../test_files_z3/BSN/BSN.sleec, conflict, 10, sat, 0.5102803707122803
../test_files_z3/BSN/BSN.sleec, conflict, 11, sat, 0.479325532913208
../test_files_z3/BSN/BSN.sleec, conflict, 12, sat, 0.5967738628387451
../test_files_z3/BSN/BSN.sleec, conflict, 13, sat, 0.09846997261047363
../test_files_z3/BSN/BSN.sleec, conflict, 14, sat, 0.09945821762084961
../test_files_z3/BSN/BSN.sleec, conflict, 15, sat, 0.2916102409362793
../test_files_z3/BSN/BSN.sleec, conflict, 16, sat, 0.2286388874053955
../test_files_z3/BSN/BSN.sleec, conflict, 17, sat, 0.22894692420959473
../test_files_z3/BSN/BSN.sleec, conflict, 18, sat, 0.14162993431091309
../test_files_z3/BSN/BSN.sleec, conflict, 19, sat, 0.516660213470459
../test_files_z3/BSN/BSN.sleec, conflict, 20, sat, 0.13445186614990234
../test_files_z3/BSN/BSN.sleec, conflict, 21, sat, 0.13695549964904785
../test_files_z3/BSN/BSN.sleec, conflict, 22, sat, 0.10173773765563965
../test_files_z3/BSN/BSN.sleec, conflict, 23, sat, 0.6672477722167969
../test_files_z3/BSN/BSN.sleec, conflict, 24, sat, 0.1037755012512207
../test_files_z3/BSN/BSN.sleec, conflict, 25, sat, 0.22646260261535645
../test_files_z3/BSN/BSN.sleec, conflict, 26, sat, 0.32604074478149414
../test_files_z3/BSN/BSN.sleec, conflict, 27, sat, 0.4096035957336426
../test_files_z3/BSN/BSN.sleec, conflict, 28, sat, 0.10554623603820801
../test_files_z3/BSN/BSN-corrected.sleec, redundancy, 0, sat, 0.05008983612060547
../test_files_z3/BSN/BSN-corrected.sleec, redundancy, 1, sat, 0.042325735092163086
../test_files_z3/BSN/BSN-corrected.sleec, redundancy, 2, sat, 0.04883408546447754
../test_files_z3/BSN/BSN-corrected.sleec, redundancy, 3, sat, 0.04049205780029297
../test_files_z3/BSN/BSN-corrected.sleec, redundancy, 4, sat, 0.41663050651550293
../test_files_z3/BSN/BSN-corrected.sleec, redundancy, 5, sat, 0.3838376998901367
../test_files_z3/BSN/BSN-corrected.sleec, redundancy, 6, sat, 0.38668012619018555
../test_files_z3/BSN/BSN-corrected.sleec, redundancy, 7, sat, 0.44867563247680664
../test_files_z3/BSN/BSN-corrected.sleec, redundancy, 8, sat, 0.04262089729309082
../test_files_z3/BSN/BSN-corrected.sleec, redundancy, 9, sat, 0.10049247741699219
../test_files_z3/BSN/BSN-corrected.sleec, redundancy, 10, sat, 0.3964540958404541
../test_files_z3/BSN/BSN-corrected.sleec, redundancy, 11, sat, 0.45406556129455566
../test_files_z3/BSN/BSN-corrected.sleec, redundancy, 12, sat, 0.46016716957092285
../test_files_z3/BSN/BSN-corrected.sleec, redundancy, 13, sat, 0.040456533432006836
../test_files_z3/BSN/BSN-corrected.sleec, redundancy, 14, sat, 0.04013347625732422
../test_files_z3/BSN/BSN-corrected.sleec, redundancy, 15, sat, 0.20534205436706543
../test_files_z3/BSN/BSN-corrected.sleec, redundancy, 16, sat, 0.18802261352539062
../test_files_z3/BSN/BSN-corrected.sleec, redundancy, 17, sat, 0.18781065940856934
../test_files_z3/BSN/BSN-corrected.sleec, redundancy, 18, sat, 0.11222290992736816
../test_files_z3/BSN/BSN-corrected.sleec, redundancy, 19, sat, 0.4165828227996826
../test_files_z3/BSN/BSN-corrected.sleec, redundancy, 20, sat, 0.10855269432067871
../test_files_z3/BSN/BSN-corrected.sleec, redundancy, 21, sat, 0.04548239707946777
../test_files_z3/BSN/BSN-corrected.sleec, redundancy, 22, sat, 0.041045188903808594
../test_files_z3/BSN/BSN-corrected.sleec, redundancy, 23, sat, 0.08215141296386719
../test_files_z3/BSN/BSN-corrected.sleec, redundancy, 24, sat, 0.17945623397827148
../test_files_z3/BSN/BSN-corrected.sleec, redundancy, 25, sat, 0.10560131072998047
../test_files_z3/BSN/BSN-corrected.sleec, redundancy, 26, sat, 0.1844501495361328
../test_files_z3/BSN/BSN-corrected.sleec, redundancy, 27, sat, 0.18417596817016602
../test_files_z3/BSN/BSN-corrected.sleec, redundancy, 28, sat, 0.05408430099487305
../test_files_z3/BSN/BSN-corrected.sleec, redundancy, 29, sat, 0.04234170913696289
../test_files_z3/BSN/BSN-corrected.sleec, redundancy, 30, sat, 0.04115629196166992
../test_files_z3/BSN/BSN-corrected.sleec, redundancy, 31, sat, 0.14547514915466309
../test_files_z3/BSN/BSN-corrected.sleec, conflict, 0, sat, 0.5283465385437012
../test_files_z3/BSN/BSN-corrected.sleec, conflict, 1, sat, 0.050255775451660156
../test_files_z3/BSN/BSN-corrected.sleec, conflict, 2, sat, 0.04730725288391113
../test_files_z3/BSN/BSN-corrected.sleec, conflict, 3, sat, 0.06529021263122559
../test_files_z3/BSN/BSN-corrected.sleec, conflict, 4, sat, 0.4268465042114258
../test_files_z3/BSN/BSN-corrected.sleec, conflict, 5, sat, 0.5157158374786377
../test_files_z3/BSN/BSN-corrected.sleec, conflict, 6, sat, 0.5019285678863525
../test_files_z3/BSN/BSN-corrected.sleec, conflict, 7, sat, 0.508091926574707
../test_files_z3/BSN/BSN-corrected.sleec, conflict, 8, sat, 0.13290667533874512
../test_files_z3/BSN/BSN-corrected.sleec, conflict, 9, sat, 0.10791897773742676
../test_files_z3/BSN/BSN-corrected.sleec, conflict, 10, sat, 0.5318503379821777
../test_files_z3/BSN/BSN-corrected.sleec, conflict, 11, sat, 0.49521374702453613
../test_files_z3/BSN/BSN-corrected.sleec, conflict, 12, sat, 0.6002497673034668
../test_files_z3/BSN/BSN-corrected.sleec, conflict, 13, sat, 0.1412794589996338
../test_files_z3/BSN/BSN-corrected.sleec, conflict, 14, sat, 0.07290077209472656
../test_files_z3/BSN/BSN-corrected.sleec, conflict, 15, sat, 0.22823452949523926
../test_files_z3/BSN/BSN-corrected.sleec, conflict, 16, sat, 0.23847436904907227
../test_files_z3/BSN/BSN-corrected.sleec, conflict, 17, sat, 0.2361586093902588
../test_files_z3/BSN/BSN-corrected.sleec, conflict, 18, sat, 0.22257041931152344
../test_files_z3/BSN/BSN-corrected.sleec, conflict, 19, sat, 0.46773242950439453
../test_files_z3/BSN/BSN-corrected.sleec, conflict, 20, sat, 0.13781356811523438
../test_files_z3/BSN/BSN-corrected.sleec, conflict, 21, sat, 0.14216971397399902
../test_files_z3/BSN/BSN-corrected.sleec, conflict, 22, sat, 0.10378432273864746
../test_files_z3/BSN/BSN-corrected.sleec, conflict, 23, sat, 0.6959779262542725
../test_files_z3/BSN/BSN-corrected.sleec, conflict, 24, sat, 0.14848756790161133
../test_files_z3/BSN/BSN-corrected.sleec, conflict, 25, sat, 0.15026068687438965
../test_files_z3/BSN/BSN-corrected.sleec, conflict, 26, sat, 0.3370792865753174
../test_files_z3/BSN/BSN-corrected.sleec, conflict, 27, sat, 0.23633909225463867
../test_files_z3/BSN/BSN-corrected.sleec, conflict, 28, sat, 0.41546177864074707
../test_files_z3/BSN/BSN-corrected.sleec, conflict, 29, sat, 0.2267317771911621
../test_files_z3/BSN/BSN-corrected.sleec, conflict, 30, sat, 0.1097555160522461
../test_files_z3/BSN/BSN-corrected.sleec, conflict, 31, sat, 0.22916436195373535
../test_files_z3/DAISY/Daisy-corrected.sleec, redundancy, 0, sat, 0.05683732032775879
../test_files_z3/DAISY/Daisy-corrected.sleec, redundancy, 1, sat, 0.044068098068237305
../test_files_z3/DAISY/Daisy-corrected.sleec, redundancy, 2, sat, 0.05177044868469238
../test_files_z3/DAISY/Daisy-corrected.sleec, redundancy, 3, sat, 0.04406380653381348
../test_files_z3/DAISY/Daisy-corrected.sleec, redundancy, 4, sat, 0.08767914772033691
../test_files_z3/DAISY/Daisy-corrected.sleec, redundancy, 5, sat, 0.1880936622619629
../test_files_z3/DAISY/Daisy-corrected.sleec, redundancy, 6, sat, 0.04667258262634277
../test_files_z3/DAISY/Daisy-corrected.sleec, redundancy, 7, sat, 0.0840761661529541
../test_files_z3/DAISY/Daisy-corrected.sleec, redundancy, 8, sat, 0.04556775093078613
../test_files_z3/DAISY/Daisy-corrected.sleec, redundancy, 9, sat, 0.04663991928100586
../test_files_z3/DAISY/Daisy-corrected.sleec, redundancy, 10, sat, 0.3046753406524658
../test_files_z3/DAISY/Daisy-corrected.sleec, redundancy, 11, sat, 0.046738624572753906
../test_files_z3/DAISY/Daisy-corrected.sleec, redundancy, 12, sat, 0.046267032623291016
../test_files_z3/DAISY/Daisy-corrected.sleec, redundancy, 13, sat, 0.07739019393920898
../test_files_z3/DAISY/Daisy-corrected.sleec, redundancy, 14, sat, 0.31932854652404785
../test_files_z3/DAISY/Daisy-corrected.sleec, redundancy, 15, sat, 0.3151125907897949
../test_files_z3/DAISY/Daisy-corrected.sleec, redundancy, 16, sat, 0.04341459274291992
../test_files_z3/DAISY/Daisy-corrected.sleec, redundancy, 17, sat, 0.04277825355529785
../test_files_z3/DAISY/Daisy-corrected.sleec, redundancy, 18, sat, 0.37892746925354004
../test_files_z3/DAISY/Daisy-corrected.sleec, redundancy, 19, sat, 0.3377645015716553
../test_files_z3/DAISY/Daisy-corrected.sleec, redundancy, 20, sat, 0.35922813415527344
../test_files_z3/DAISY/Daisy-corrected.sleec, redundancy, 21, sat, 0.044342041015625
../test_files_z3/DAISY/Daisy-corrected.sleec, redundancy, 22, sat, 0.2846953868865967
../test_files_z3/DAISY/Daisy-corrected.sleec, redundancy, 23, sat, 0.04394984245300293
../test_files_z3/DAISY/Daisy-corrected.sleec, redundancy, 24, sat, 0.3802478313446045
../test_files_z3/DAISY/Daisy-corrected.sleec, redundancy, 25, sat, 0.4563713073730469
../test_files_z3/DAISY/Daisy-corrected.sleec, redundancy, 26, sat, 0.2700510025024414
../test_files_z3/DAISY/Daisy-corrected.sleec, redundancy, 27, sat, 0.27536702156066895
../test_files_z3/DAISY/Daisy-corrected.sleec, redundancy, 28, sat, 0.12439560890197754
../test_files_z3/DAISY/Daisy-corrected.sleec, redundancy, 29, sat, 0.3909885883331299
../test_files_z3/DAISY/Daisy-corrected.sleec, redundancy, 30, sat, 0.48018884658813477
../test_files_z3/DAISY/Daisy-corrected.sleec, redundancy, 31, sat, 0.39415717124938965
../test_files_z3/DAISY/Daisy-corrected.sleec, conflict, 0, sat, 0.05442523956298828
../test_files_z3/DAISY/Daisy-corrected.sleec, conflict, 1, sat, 0.044591665267944336
../test_files_z3/DAISY/Daisy-corrected.sleec, conflict, 2, sat, 0.05660271644592285
../test_files_z3/DAISY/Daisy-corrected.sleec, conflict, 3, sat, 0.04388427734375
../test_files_z3/DAISY/Daisy-corrected.sleec, conflict, 4, sat, 0.1293811798095703
../test_files_z3/DAISY/Daisy-corrected.sleec, conflict, 5, sat, 0.09426188468933105
../test_files_z3/DAISY/Daisy-corrected.sleec, conflict, 6, sat, 0.07660555839538574
../test_files_z3/DAISY/Daisy-corrected.sleec, conflict, 7, sat, 0.11767435073852539
../test_files_z3/DAISY/Daisy-corrected.sleec, conflict, 8, sat, 0.07536840438842773
../test_files_z3/DAISY/Daisy-corrected.sleec, conflict, 9, sat, 0.11347484588623047
../test_files_z3/DAISY/Daisy-corrected.sleec, conflict, 10, sat, 0.4654097557067871
../test_files_z3/DAISY/Daisy-corrected.sleec, conflict, 11, sat, 0.04656839370727539
../test_files_z3/DAISY/Daisy-corrected.sleec, conflict, 12, sat, 0.1404588222503662
../test_files_z3/DAISY/Daisy-corrected.sleec, conflict, 13, sat, 0.11956095695495605
../test_files_z3/DAISY/Daisy-corrected.sleec, conflict, 14, sat, 0.35799622535705566
../test_files_z3/DAISY/Daisy-corrected.sleec, conflict, 15, sat, 0.4800550937652588
../test_files_z3/DAISY/Daisy-corrected.sleec, conflict, 16, sat, 0.11040163040161133
../test_files_z3/DAISY/Daisy-corrected.sleec, conflict, 17, sat, 0.12687230110168457
../test_files_z3/DAISY/Daisy-corrected.sleec, conflict, 18, sat, 0.4132513999938965
../test_files_z3/DAISY/Daisy-corrected.sleec, conflict, 19, sat, 0.401261568069458
../test_files_z3/DAISY/Daisy-corrected.sleec, conflict, 20, sat, 0.41346216201782227
../test_files_z3/DAISY/Daisy-corrected.sleec, conflict, 21, sat, 0.11002230644226074
../test_files_z3/DAISY/Daisy-corrected.sleec, conflict, 22, sat, 0.3423337936401367
../test_files_z3/DAISY/Daisy-corrected.sleec, conflict, 23, sat, 0.12148475646972656
../test_files_z3/DAISY/Daisy-corrected.sleec, conflict, 24, sat, 0.5193808078765869
../test_files_z3/DAISY/Daisy-corrected.sleec, conflict, 25, sat, 0.4508852958679199
../test_files_z3/DAISY/Daisy-corrected.sleec, conflict, 26, sat, 0.4088294506072998
../test_files_z3/DAISY/Daisy-corrected.sleec, conflict, 27, sat, 0.3405032157897949
../test_files_z3/DAISY/Daisy-corrected.sleec, conflict, 28, sat, 0.0777897834777832
../test_files_z3/DAISY/Daisy-corrected.sleec, conflict, 29, sat, 0.047028303146362305
../test_files_z3/DAISY/Daisy-corrected.sleec, conflict, 30, sat, 0.05454397201538086
../test_files_z3/DAISY/Daisy-corrected.sleec, conflict, 31, sat, 0.5295059680938721
../test_files_z3/DAISY/Daisy.sleec, redundancy, 0, sat, 0.053250789642333984
../test_files_z3/DAISY/Daisy.sleec, redundancy, 1, sat, 0.04506945610046387
../test_files_z3/DAISY/Daisy.sleec, redundancy, 2, sat, 0.05303382873535156
../test_files_z3/DAISY/Daisy.sleec, redundancy, 3, sat, 0.04303741455078125
../test_files_z3/DAISY/Daisy.sleec, redundancy, 4, sat, 0.059189796447753906
../test_files_z3/DAISY/Daisy.sleec, redundancy, 5, sat, 0.05180764198303223
../test_files_z3/DAISY/Daisy.sleec, redundancy, 6, sat, 0.10565352439880371
../test_files_z3/DAISY/Daisy.sleec, redundancy, 7, sat, 0.05341482162475586
../test_files_z3/DAISY/Daisy.sleec, redundancy, 8, sat, 0.05737471580505371
../test_files_z3/DAISY/Daisy.sleec, redundancy, 9, sat, 0.3295021057128906
../test_files_z3/DAISY/Daisy.sleec, redundancy, 10, sat, 0.04601860046386719
../test_files_z3/DAISY/Daisy.sleec, redundancy, 11, sat, 0.04454183578491211
../test_files_z3/DAISY/Daisy.sleec, redundancy, 12, sat, 0.08445262908935547
../test_files_z3/DAISY/Daisy.sleec, redundancy, 13, sat, 0.22154712677001953
../test_files_z3/DAISY/Daisy.sleec, redundancy, 14, sat, 0.2698948383331299
../test_files_z3/DAISY/Daisy.sleec, redundancy, 15, sat, 0.0771481990814209
../test_files_z3/DAISY/Daisy.sleec, redundancy, 16, sat, 0.04496145248413086
../test_files_z3/DAISY/Daisy.sleec, redundancy, 17, sat, 0.192854642868042
../test_files_z3/DAISY/Daisy.sleec, redundancy, 18, sat, 0.07489943504333496
../test_files_z3/DAISY/Daisy.sleec, redundancy, 19, unsat, 0.020787477493286133
../test_files_z3/DAISY/Daisy.sleec, redundancy, 20, sat, 0.043112993240356445
../test_files_z3/DAISY/Daisy.sleec, redundancy, 21, sat, 0.429887056350708
../test_files_z3/DAISY/Daisy.sleec, redundancy, 22, sat, 0.78240966796875
../test_files_z3/DAISY/Daisy.sleec, redundancy, 23, sat, 0.2899606227874756
../test_files_z3/DAISY/Daisy.sleec, redundancy, 24, sat, 0.19822406768798828
../test_files_z3/DAISY/Daisy.sleec, redundancy, 25, sat, 0.2622103691101074
../test_files_z3/DAISY/Daisy.sleec, conflict, 0, sat, 0.05725836753845215
../test_files_z3/DAISY/Daisy.sleec, conflict, 1, sat, 0.04406023025512695
../test_files_z3/DAISY/Daisy.sleec, conflict, 2, sat, 0.05887436866760254
../test_files_z3/DAISY/Daisy.sleec, conflict, 3, sat, 0.043791770935058594
../test_files_z3/DAISY/Daisy.sleec, conflict, 4, sat, 0.1316976547241211
../test_files_z3/DAISY/Daisy.sleec, conflict, 5, sat, 0.09665179252624512
../test_files_z3/DAISY/Daisy.sleec, conflict, 6, sat, 0.13036847114562988
../test_files_z3/DAISY/Daisy.sleec, conflict, 7, sat, 0.09803247451782227
../test_files_z3/DAISY/Daisy.sleec, conflict, 8, sat, 0.08211421966552734
../test_files_z3/DAISY/Daisy.sleec, conflict, 9, sat, 0.47150635719299316
../test_files_z3/DAISY/Daisy.sleec, conflict, 10, sat, 0.044883012771606445
../test_files_z3/DAISY/Daisy.sleec, conflict, 11, sat, 0.11707162857055664
../test_files_z3/DAISY/Daisy.sleec, conflict, 12, sat, 0.11935162544250488
../test_files_z3/DAISY/Daisy.sleec, conflict, 13, sat, 0.23947691917419434
../test_files_z3/DAISY/Daisy.sleec, conflict, 14, sat, 0.4434828758239746
../test_files_z3/DAISY/Daisy.sleec, conflict, 15, sat, 0.11187410354614258
../test_files_z3/DAISY/Daisy.sleec, conflict, 16, sat, 0.07736444473266602
../test_files_z3/DAISY/Daisy.sleec, conflict, 17, sat, 0.2823340892791748
../test_files_z3/DAISY/Daisy.sleec, conflict, 18, sat, 0.11039924621582031
../test_files_z3/DAISY/Daisy.sleec, conflict, 19, sat, 0.2858586311340332
../test_files_z3/DAISY/Daisy.sleec, conflict, 20, sat, 0.11173248291015625
../test_files_z3/DAISY/Daisy.sleec, conflict, 21, sat, 0.9439518451690674
../test_files_z3/DAISY/Daisy.sleec, conflict, 22, sat, 0.4614694118499756
../test_files_z3/DAISY/Daisy.sleec, conflict, 23, sat, 0.5214662551879883
../test_files_z3/DAISY/Daisy.sleec, conflict, 24, sat, 0.23760414123535156
../test_files_z3/DAISY/Daisy.sleec, conflict, 25, sat, 0.3252129554748535
